pmid	text_kind	section	mention_type	mention	sentence
10612835	abstract	abstract	ivs	IVS13-2A>T	"A novel splice-acceptor site mutation (IVS13-2A>T) of polycystic kidney disease 
1 (PKD1) gene resulting in an RNA processing defect with a 74-nucleotide 
deletion in exon 14 of the mRNA transcript."
10612835	abstract	abstract	ivs	IVS13-2A>T	"The IVS13-2A>T 
substitution resulted in an inactivation of this splice site and utilization of 
cryptic splice acceptor site in exon 14, causing a 74-nucleotide deletion of 
this exon in the PKD1-mRNA transcript."
11058904	abstract	abstract	ivs	IVS45+56	"Seven novel polymorphisms and three novel disease-associated mutations 
(R3718Q, L3851P and IVS45+56del25) were identified."
19158373	abstract	abstract	ivs	IVS8 + 5G	"Linkage analysis with microsatellite markers 
indicated that TOR101 was PKD2-linked and IVS8 + 5G-->A was shown to cosegregate 
only with affected subjects."
19158373	abstract	abstract	ivs	IVS8 + 5G	"CONCLUSIONS: The data provide strong evidence that IVS8 + 5G-->A is a pathogenic 
mutation for PKD2."
20950398	abstract	abstract	hgvs	c.1320G>T	"Herein, we describe and 
characterize a novel missense mutation in the PKD2 gene (c.1320G>T) in a 
41-year-old White man with kidney cysts and a family history of ADPKD."
24575920	abstract	abstract	hgvs	c.12444G > A	"Here, we observed two novel mutations, PKD1:c.12444G > A and 
PKD1:c.12444 + 1G > A, which alter the same splice donor site of intron 45, 
correlate with different renal outcomes."
24575920	abstract	abstract	hgvs	c.12444 + 1G > A	"Here, we observed two novel mutations, PKD1:c.12444G > A and 
PKD1:c.12444 + 1G > A, which alter the same splice donor site of intron 45, 
correlate with different renal outcomes."
24575920	abstract	abstract	hgvs	c.12444G > A	"However, none of variants was found 
to be damaging or associated with the disease except PKD1:c.12444G > A and 
PKD1:c.12444 + 1G > A."
24575920	abstract	abstract	hgvs	c.12444 + 1G > A	"However, none of variants was found 
to be damaging or associated with the disease except PKD1:c.12444G > A and 
PKD1:c.12444 + 1G > A."
24575920	abstract	abstract	hgvs	c.12444 + 1G > A	"PKD1:c.12444 + 1G > A definitely destroyed the native splice site and created a 
novel donor site with truncating effect on PC1."
24575920	abstract	abstract	hgvs	c.12444G > A	"In contrast, PKD1:c.12444G > A 
mainly weakened the site and decreased the expression of normal PC1."
24907393	abstract	abstract	hgvs	c.11156G>A	"The substitution 
c.11156G>A, previously predicted as missense mutation p.R3719Q, abolished the 
donor splice site of intron 38 and resulted in the incorporation of exon 38 with 
117bp of intron 38 and skipping of exon 39."
24907393	abstract	abstract	hgvs	c.327A>T	"Two synonymous variants, c.327A>T 
(p.G109G) and c.11257C>A (p.R3753R), generated strong donor splice sites within 
exons 3 and 39 respectively, resulting in incorporation of incomplete exons."
24907393	abstract	abstract	hgvs	c.11257C>A	"Two synonymous variants, c.327A>T 
(p.G109G) and c.11257C>A (p.R3753R), generated strong donor splice sites within 
exons 3 and 39 respectively, resulting in incorporation of incomplete exons."
26692149	abstract	abstract	hgvs	c.1532A>T	"We selected 12 missense mutations and 1 synonymous variant for the 
minigene assay, and found that three, c.1532A>T (p.D511V), c.1716G>A (p.K572K) 
and c.2657A>G (p.D886G) caused alterations in pre-mRNA splicing."
26692149	abstract	abstract	hgvs	c.1716G>A	"We selected 12 missense mutations and 1 synonymous variant for the 
minigene assay, and found that three, c.1532A>T (p.D511V), c.1716G>A (p.K572K) 
and c.2657A>G (p.D886G) caused alterations in pre-mRNA splicing."
26692149	abstract	abstract	hgvs	c.2657A>G	"We selected 12 missense mutations and 1 synonymous variant for the 
minigene assay, and found that three, c.1532A>T (p.D511V), c.1716G>A (p.K572K) 
and c.2657A>G (p.D886G) caused alterations in pre-mRNA splicing."
26692149	abstract	abstract	hgvs	c.1532A>T	"Mutation 
c.1532A>T resulted in skipping of exon 6 and incorporation of a defective exon 
lacking the 3' end, while c.1716G>A led to skipping of exon 7."
26692149	abstract	abstract	hgvs	c.1716G>A	"Mutation 
c.1532A>T resulted in skipping of exon 6 and incorporation of a defective exon 
lacking the 3' end, while c.1716G>A led to skipping of exon 7."
26692149	abstract	abstract	hgvs	c.2657A>G	"Mutation 
c.2657A>G resulted in incorporation of an incomplete exon 14, which is in 
agreement with previous results obtained with the patient's lymphoblast RNA."
27984604	abstract	abstract	hgvs	c.8791+1_8791+5delGTGCG	"RESULTS: A splicing site mutation, c.8791+1_8791+5delGTGCG (IVS23+1_+5delGTGCG), 
was detected in the PKD1 gene in all 5 patients from the pedigree but not in 6 
phenotypically normal relatives and 40 healthy controls."
27984604	abstract	abstract	ivs	IVS23+1	"RESULTS: A splicing site mutation, c.8791+1_8791+5delGTGCG (IVS23+1_+5delGTGCG), 
was detected in the PKD1 gene in all 5 patients from the pedigree but not in 6 
phenotypically normal relatives and 40 healthy controls."
27984604	abstract	abstract	hgvs	c.8791+1_8791+5delGTGCG	"CONCLUSION: The novel c.8791+1_8791+5delGTGCG mutation has created a new splice 
site and led to a frameshift, which probably underlies the ADPKD in the family."
30424739	fulltext	ABSTRACT	hgvs	c.2854-3C > G	A splicing mutation, c.2854-3C > G (also known as IVS11–3C > G), in the PKD1 gene was found in the 3 patients from the family, but was not found in four unaffected relatives and 100 normal control samples.
30424739	fulltext	ABSTRACT	ivs	IVS11–3C > G	A splicing mutation, c.2854-3C > G (also known as IVS11–3C > G), in the PKD1 gene was found in the 3 patients from the family, but was not found in four unaffected relatives and 100 normal control samples.
30424739	fulltext	ABSTRACT	hgvs	c.2854-3C > G	The PKD1 c.2854-3C > G mutation leads to a frameshift mutation during translation of the polycystin-1 protein, which eventually led to ADPKD in the Chinese family.
30424739	fulltext	CASE	hgvs	c.2854-3C > G	We found a heterozygous splice mutation in intron 11 of the PKD1 gene(NM_001009944.2, c.2854-3C > G, also as IVS11–3 C > G) in the proband.
30424739	fulltext	CASE	ivs	IVS11–3 C > G	We found a heterozygous splice mutation in intron 11 of the PKD1 gene(NM_001009944.2, c.2854-3C > G, also as IVS11–3 C > G) in the proband.
30424739	fulltext	CASE	hgvs	c.2854–3	Genotyping of c.2854–3 was conducted using an automated ABI3730 DNA sequencer with the 5’-GCTGGAGAGCCGGACAGTG-3′(forward) and 5’-TTCATCCGCTCCACGGTTAC-3′(reverse) primers.
30424739	fulltext	CASE	hgvs	c.2854-3C > G	The c.2854-3C > G (also as IVS11–3C > G) variant in the PKD1 gene was found in the 3 patients from the family, but not in the four unaffected relatives or 100 normal control samples.
30424739	fulltext	CASE	ivs	IVS11–3C > G	The c.2854-3C > G (also as IVS11–3C > G) variant in the PKD1 gene was found in the 3 patients from the family, but not in the four unaffected relatives or 100 normal control samples.
30424739	fulltext	FIG	hgvs	c.2854-3C > G	Identification of the novel mutation in the PKD1 gene. a Direct sequencing revealed a heterozygous splice mutation (c.2854-3C > G) in inton11. a1: DNA sequence of the patients, a2: DNA sequence of the healthy controls, b Direct mRNA sequencing, b1: Agarose gel electrophoresis for RT-PCR. b2: mRNA sequence of the patients. b3: mRNA sequence of the healthy controls. c The confirmation of transcription by the TA clone. c1:The normal patients’ isoforms by TA cloning. c2: The mutant patients’ isoforms by TA cloning. d The patients’ frameshift mutation. ★-mutant base and ▲-inserted bases.
30424739	fulltext	DISCUSS	hgvs	c.2854-3C > G	We reported a novel splice mutation (c.2854-3C > G) in intron 11 of the PKD1 gene from a family consisting of three patients (II10, III1 and III7) with ADPKD.
30424739	fulltext	DISCUSS	hgvs	c.2854-3C > G	A novel PKD1 mutation, c.2854-3C > G (also as IVS11–3 C > G), was identified in a Chinese family with ADPKD using NGS and Sanger sequencing.
30424739	fulltext	DISCUSS	ivs	IVS11–3 C > G	A novel PKD1 mutation, c.2854-3C > G (also as IVS11–3 C > G), was identified in a Chinese family with ADPKD using NGS and Sanger sequencing.
31384335	abstract	abstract	rsid	rs201204878	"Co-segregation of candidate polymorphism rs201204878 of the PKD1 gene in a large 
Iranian family with autosomal dominant polycystic disease."
31384335	abstract	abstract	rsid	rs201204878	"Among the 
reported intronic variations, rs201204878 was identified as a splice region 
variant, leading to truncation of the polycystin-1 protein."
34542828	abstract	abstract	hgvs	c.1716G>A	"Whole-exome sequencing of the 
proband identified a heterozygous synonymous mutation (c.1716G>A, p.Lys572=) 
located in the splicing site of exon 7 in PKD2 gene, which was co-segregated 
with the PKD phenotype in the family."
34542828	abstract	abstract	hgvs	c.1716G>A	"CONCLUSION: We reported an extremely rare child case of ADPKD2 in combination 
with solitary kidney and nephrotic-range proteinuria, and firstly confirmed the 
pathogenicity of a heterozygous synonymous mutation (c.1716G>A) in PKD2 gene."
34749493	fulltext	ABSTRACT	ivs	IVS6+5G>C	A novel atypical splicing mutation that belongs to unclassified variants (UCVs), IVS6+5G>C, was identified in three family members by CES and was shown to co-segregate only with the affected individuals.
34749493	fulltext	ABSTRACT	ivs	IVS6+5G>C	These findings suggested that the atypical splice site alteration, IVS6+5G>C, in the PKD2 gene was the potential pathogenic mutation leading to ADPKD in this Chinese family.
34749493	fulltext	ABSTRACT	ivs	IVS6+5G>C	The data available in this study provided strong evidence that IVS6+5G>C is the potential pathogenic mutation for ADPKD.
34749493	fulltext	RESULTS	ivs	IVS6+5G>C	Using targeted DNA-HiSeq, only one atypical splicing change (IVS6+5G>C) of PKD2 was detected in the proband.
34749493	fulltext	RESULTS	hgvs	c. 1320_1548del229	Sequencing of the lower fragment revealed that exon 6 was skipped (PKD2 c. 1320_1548del229) [Figure 3b].
34749493	fulltext	RESULTS	ivs	IVS6+5G>C	This variant, IVS6+5G>C, was predicted to generate a truncated type of polycystin-2 with dysfunction that lacks the C-terminal domain and five normal transmembrane domains.
34749493	fulltext	FIG	ivs	IVS6+5G>C	(b) Location and predicted impact of PKD2 IVS6+5G>C in the proband.
34749493	fulltext	DISCUSS	ivs	IVS6+5G>C	Sequencing of both PKD1 and PKD2 genes in this Chinese family failed to detect a definite pathogenic mutation, but identified an atypical splice variant in PKD2, IVS6+5G>C, and it was shown to co-segregate only with affected subjects.
34749493	fulltext	DISCUSS	hgvs	c. 1320G>T	Tan et al. also reported that lower PKD2 del_Ex6 transcript levels were found in normal controls, but considerably higher level was found in a patient whose mutation was in the PKD2 gene (c. 1320G>T).
34749493	fulltext	FIG	ivs	IVS6+5G>C	Diagram shows (a) normal splicing of intron 6 and (b) abnormal splicing at a donor splice acceptor site in exon 6 due to IVS6+5G>C mutation in the PKD2 gene in the patients of this family.
34749493	fulltext	DISCUSS	ivs	IVS6+5G>C	In conclusion, the present study has found a unique atypical splice site alteration, IVS6+5G>C, of the PKD2 gene in a Chinese family, which leads to aberrantly spliced exon 6 that generates a truncated protein forecasted to have void function.
35497784	fulltext	TABLE	hgvs	c.2097+5	"Termination of pregnancy	Mother: ADPKD; HTN, 35 yr; lithiasis; normal eGFR, 38 yrFather: no renal/liver cysts; normal eGFR, 35 yrParents: wild-type PKHD1 sequence	 	3	- PKD1 pat p.Arg1951Gln		- PKD1 dn p.Arg2402b	Twin 1a-ADPKD-EO; HTN, 12 yr; CKD II and TKV 695cc, 19 yrTwin 2c-ADPKD-EO; HTN, 14 yr; CKD II and TKV 586cc, 19 yr	Father: ADPKD; HTN, 30 yr; normal TKV/eGFR, 50 yrSibling 1(only paternal PKD1 allele): ADPKD; normal TKV/eGFR 30 yr	 	4	- PKD1 p.Cys259Tyr- PKD2 p.Ala365fs			Sibling 1: ADPKD; HTN, 36 yr; CKD IIIb and TKV 3429cc, 50 yrSibling 2: ADPKD; HTN, 32 yr; CKD IV and TKV 3315cc, 54 yr	Sibling 3 (maternal PKD2 allele): ADPKD; CKD II, TKV 2780, 48 yrMother: CKD, a 74 yr	 	5		- PKH"
35497784	fulltext	TABLE	hgvs	c.12460C>T	"Mother: no renal/liver cysts; normal eGFRFather: no renal/liver cysts; normal eGFR	 	6	- PKD1 pat p.Arg4154Cys;- PKD1 mat p.Arg4154Cys			ADPKD; HTN, 40 yr; CKD IV, 65 yr	Parents: bilateral cystic kidneys; never reached ESRD, 84–95 yrDaughter: (PKD1 c.12460C>T/−); no liver cysts; normal eGFR, 39 yr	 	7			- PKD1 dn5’ UTR deletion c.-1926_- 64del	ADPKD; CKD IIIa and TKV 833cc, 38 yr	Mother: no renal/liver cysts; normal eGFRFather: few renal/liver cysts; normal eGFRSibling: no renal/liver cysts; normal eGFR"
35497784	fulltext	TABLE	hgvs	c.-1926	"Mother: no renal/liver cysts; normal eGFRFather: no renal/liver cysts; normal eGFR	 	6	- PKD1 pat p.Arg4154Cys;- PKD1 mat p.Arg4154Cys			ADPKD; HTN, 40 yr; CKD IV, 65 yr	Parents: bilateral cystic kidneys; never reached ESRD, 84–95 yrDaughter: (PKD1 c.12460C>T/−); no liver cysts; normal eGFR, 39 yr	 	7			- PKD1 dn5’ UTR deletion c.-1926_- 64del	ADPKD; CKD IIIa and TKV 833cc, 38 yr	Mother: no renal/liver cysts; normal eGFRFather: few renal/liver cysts; normal eGFRSibling: no renal/liver cysts; normal eGFR"
35497784	fulltext	SUPPL	rsid	rs34197769	Zigosity of the SNP rs34197769 G/A (exon 35) on genomic DNA (IGV visualization) and cDNA (Sanger sequencing).
36000373	abstract	abstract	hgvs	c.11017-10C>A	"The gene analysis showed that the c.11017-10C>A 
heterozygous splice mutation in PKD1 gene was identified in the proband, his 
second younger brother, younger sister, daughter and niece, but absent in 150 
healthy controls."
36000373	abstract	abstract	hgvs	c.11017-10C>A	"Conclusion: c.11017-10C>A underlies the 
Chinese ADPKD pedigree and expands mutation spectrum of PKD1."
36000373	abstract	abstract	hgvs	c.11017-10C>A	"Publisher: 目的： 对1个常染色体显性多囊肾病（ADPKD）家系进行临床表型分析和致病基因突变检测。 方法： 
本研究先证者因“左上颌骨根尖囊肿”于2017年10月10日在东莞市人民医院住院治疗。通过临床表现、影像检查和生化指标等对先证者确诊。采集家系成员及150名健康对照者外周血，通过高通量测序（NGS）法筛选先证者全外显子组突变基因；应用PCR及Sanger测序验证先证者及其家系成员候选突变基因位点，并进一步筛查健康对照者；应用ExAC、dbSNP、HGMD、1000 
genomes、ClinVar、PKDB、Mutation Taster和PhyloP数据库及软件进行突变人群频率和生物信息学分析。 结果： 
先证者，男，46岁，高血压，尿潜血阳性，血肌酐升高。B超及CT示双侧多囊肾伴左肾结石，多囊肝。测序显示先证者及其二弟、妹妹、女儿和侄女皆存在PKD1基因c.11017-10C>A杂合剪接突变，且150名健康对照者中均未发现该突变。c.11017-10C>A已被dbSNP、ClinVar、HGMD、PKDB和Mutation 
Taster数据库收录，有害性预测结果为有害，可能导致产生多囊蛋白1（polycystin1，PC1）截短蛋白。 结论： 
在中国人群ADPKD家系发现PKD1致病基因突变c.11017-10C>A，拓展了该基因的突变谱。."
36029107	abstract	abstract	rsid	rs3874648	"Reverse-transcription 
PCR (RT-PCR) of peripheral blood leukocytes (PBL) from an ADPKD patient 
homozygous for rs3874648-A identified an atypical PKD1 splice form."
36029107	abstract	abstract	rsid	rs3874648	"Functional 
analyses demonstrated that rs3874648-A allele increased Tra2-β binding affinity 
and activated a cryptic acceptor splice-site, causing a frameshift that 
introduced a premature stop codon in mRNA, thereby decreasing PKD1 full-length 
transcript level."
36029107	abstract	abstract	rsid	rs3874648	"PKD1 transcript levels were lower in PBL from rs3874648-G/A 
carriers than in rs3874648-G/G homozygotes in a small cohort of normal 
individuals and patients with PKD2 inactivating mutations."
37272738	fulltext	ABSTRACT	hgvs	c.1717_1722+11del	A novel heterozygous PKD1 variant (c.1717_1722+11del) was detected in the proband and other clinically‐affected relatives.
37272738	fulltext	RESULTS	hgvs	c.1717_1722+11del	After trio ES, we identified a heterozygous variant (NM_001009944.3, c.1717_1722+11del) in PKD1 as the candidate genetic cause of PKD for the Chinese family.
37272738	fulltext	FIG	hgvs	c.1717_1722+11del	Validation of the candidate variant (PKD1, c.1717_1722+11del) of genomic DNA (III8, II12, II11, III1) by Sanger sequencing: (a) Forward sequencing; (b) Reverse sequencing; the red rectangle indicates where the variant occurs on the reference sequence.
37272738	fulltext	RESULTS	hgvs	c.1717_1722+11del	Since located at exon‐intron boundary, we assumed PKD1 c.1717_1722+11del, though annotated as non‐frameshift for exonic function, may impact splicing.
37272738	fulltext	FIG	hgvs	c.1717_1722+11del	The red dashed box marks the deleted sequences (PKD1, c.1717_1722+11del), and the red solid line underlines the inserted bases from intron 8 of PKD1.
37272738	fulltext	RESULTS	hgvs	c.1717_1722 + 11del	This 399‐bp insertion combined with c.1717_1722 + 11del would be silent via nonsense‐mediated mRNA decay (NMD) with the predicted occurrence of stop codon before exon 9.
37272738	fulltext	RESULTS	hgvs	c.1717_1722+11del	Based on the above results, the novel variant c.1717_1722+11del in PKD1 was categorized as “pathogenic” (PVS1, PM2, PP1) according to the ACMG criteria.
37272738	fulltext	RESULTS	hgvs	c.1717_1722+11del	Based on the results of trio ES and Sanger sequencing, we presumed the novel pathogenic variant in PKD1 (c.1717_1722+11del) as the genetic cause of PKD in the Chinese family.
37272738	fulltext	DISCUSS	hgvs	c.1717_1722+11del	In our study, we uncovered c.1717_1722+11del for the first time, which expands the spectrum of PKD1 gene in ADPKD and contributes to the global references for genetic counseling of ADPKD patients.
37419908	fulltext	TABLE	hgvs	c.11017-25 A > G	"Family ID	Patient ID	Kidney functiona/age (yrs)b	Extra-renal features	Gene	c.c	p.d	Variant type	Variant classificatione	Additional studies performed	 	FRBW403	RBW403	>90/31	Y	PKD1	c.11017-25 A > G	p.?"
37419908	fulltext	TABLE	hgvs	c.11017-25 A > C	"Splice variant - branchpoint variant	Likely Pathogenic (PM2; PS3_strong)	WGS; RNA studies	 	FRPA028	RPA028	>90/23	N	PKD1	c.11017-25 A > C	p.?"
37419908	fulltext	TABLE	hgvs	c.11017-10 C > A	"Splice variant - branchpoint variant	Likely Pathogenic (PM2; PS3_strong)	WGS; RNA studies	 	FRPA014	RPA014	ESKD/47	Y	PKD1	c.11017-10 C > A	p.?"
37419908	fulltext	TABLE	hgvs	c.1991C>T	"Splice variant – AG-Exclusion Zone variant	Likely Pathogenic (PM2; PS3_strong, PP5)	WGS; RNA studies	 	FRPA019	RPA019	>90/35	N	PKD1	c.1991C>T	p.Ala664_Ser699del	Splice variant - generation of new cryptic donor site	Likely Pathogenic (PM2; PS3_strong; PP1)	WGS; RNA studies	 	RPA020	44/69	NR	 	F19F00138	RBW401	>90/30	NR	PKD1	c.10167+25_10167+43del	p.?"
37419908	fulltext	TABLE	hgvs	c.10167+25_10167+43del	"Splice variant – AG-Exclusion Zone variant	Likely Pathogenic (PM2; PS3_strong, PP5)	WGS; RNA studies	 	FRPA019	RPA019	>90/35	N	PKD1	c.1991C>T	p.Ala664_Ser699del	Splice variant - generation of new cryptic donor site	Likely Pathogenic (PM2; PS3_strong; PP1)	WGS; RNA studies	 	RPA020	44/69	NR	 	F19F00138	RBW401	>90/30	NR	PKD1	c.10167+25_10167+43del	p.?"
37419908	fulltext	TABLE	hgvs	c.7489+5 G > A	"Splice variant - intronic deletion causing critical intron shortening	Likely Pathogenic (PS3_strong; PP1; PP5)	WGS; RNA studies	 	19F00138	>90/25	NR	 	FRPA021	RPA021	ESKD/52	Y	PKD1	c.7489+5 G > A	p.?"
37419908	fulltext	TABLE	hgvs	c.2878 G > A	"Splice variant – donor splice site variant	Likely Pathogenic (PM2; PS3_strong)	WGS; RNA studies	 	RG_0044	RG_0044.0048	ESKD/58	N	PKD1	c.2878 G > A	p.(Gly960Ser)	Missense variant	Likely Pathogenic (PP1_moderate; PS4_moderate; PP3; PM5_supporting)	WGS	 	FRPA017	RPA017	41/38	PKD1	c.10118 C > A	p.(Ser3373*)	Nonsense variant	Pathogenic (PVS1; PM2; PS2)	WGS; Long-read sequencing	 	RPA015	50/71	PKD2	c.1249 C > T	p.(Arg417*)	Nonsense variant	Pathogenic (PM2; PVS1; PP5)	 	FRPA007	RPA007	ESKD/45	Y	PKD1	c.8471 A > G	p.(Gln2824Arg)	Missense variant	VUS (PM2)	WGS; Long-read sequencing"
37419908	fulltext	TABLE	hgvs	c.10118 C > A	"Splice variant – donor splice site variant	Likely Pathogenic (PM2; PS3_strong)	WGS; RNA studies	 	RG_0044	RG_0044.0048	ESKD/58	N	PKD1	c.2878 G > A	p.(Gly960Ser)	Missense variant	Likely Pathogenic (PP1_moderate; PS4_moderate; PP3; PM5_supporting)	WGS	 	FRPA017	RPA017	41/38	PKD1	c.10118 C > A	p.(Ser3373*)	Nonsense variant	Pathogenic (PVS1; PM2; PS2)	WGS; Long-read sequencing	 	RPA015	50/71	PKD2	c.1249 C > T	p.(Arg417*)	Nonsense variant	Pathogenic (PM2; PVS1; PP5)	 	FRPA007	RPA007	ESKD/45	Y	PKD1	c.8471 A > G	p.(Gln2824Arg)	Missense variant	VUS (PM2)	WGS; Long-read sequencing"
37419908	fulltext	TABLE	hgvs	c.1249 C > T	"Splice variant – donor splice site variant	Likely Pathogenic (PM2; PS3_strong)	WGS; RNA studies	 	RG_0044	RG_0044.0048	ESKD/58	N	PKD1	c.2878 G > A	p.(Gly960Ser)	Missense variant	Likely Pathogenic (PP1_moderate; PS4_moderate; PP3; PM5_supporting)	WGS	 	FRPA017	RPA017	41/38	PKD1	c.10118 C > A	p.(Ser3373*)	Nonsense variant	Pathogenic (PVS1; PM2; PS2)	WGS; Long-read sequencing	 	RPA015	50/71	PKD2	c.1249 C > T	p.(Arg417*)	Nonsense variant	Pathogenic (PM2; PVS1; PP5)	 	FRPA007	RPA007	ESKD/45	Y	PKD1	c.8471 A > G	p.(Gln2824Arg)	Missense variant	VUS (PM2)	WGS; Long-read sequencing"
37419908	fulltext	TABLE	hgvs	c.8471 A > G	"Splice variant – donor splice site variant	Likely Pathogenic (PM2; PS3_strong)	WGS; RNA studies	 	RG_0044	RG_0044.0048	ESKD/58	N	PKD1	c.2878 G > A	p.(Gly960Ser)	Missense variant	Likely Pathogenic (PP1_moderate; PS4_moderate; PP3; PM5_supporting)	WGS	 	FRPA017	RPA017	41/38	PKD1	c.10118 C > A	p.(Ser3373*)	Nonsense variant	Pathogenic (PVS1; PM2; PS2)	WGS; Long-read sequencing	 	RPA015	50/71	PKD2	c.1249 C > T	p.(Arg417*)	Nonsense variant	Pathogenic (PM2; PVS1; PP5)	 	FRPA007	RPA007	ESKD/45	Y	PKD1	c.8471 A > G	p.(Gln2824Arg)	Missense variant	VUS (PM2)	WGS; Long-read sequencing"
37419908	fulltext	RESULTS	hgvs	c.11017-25 A > G	Through this study, a novel variant was identified in intron 37 of PKD1 (c.11017-25 A > G) that was predicted by in silico splice prediction tool, introme, to interrupt the splicing branchpoint (Fig. 3C, D).
37419908	fulltext	RESULTS	hgvs	c.11017-25 A > G	An alternate interpretation was that the presence of a wildtype cryptic splice site 156 base pairs upstream of the c.11017-25 A > G branchpoint variant would result in retention of 180 bp of intron 37 at a reduced frequency (Fig. 3D).
37419908	fulltext	RESULTS	hgvs	c.11017-25 A > C	RPA028 had a different nucleotide substitution (PKD1 c.11017-25 A > C), interrupting the same branchpoint as in RBW403.
37419908	fulltext	RESULTS	hgvs	c.11017-10 C > A	RPA014 had a variant 10 base pairs from the start of exon 38 (PKD1 c.11017-10 C > A) that impacted the acceptor splice site through the inclusion of the ‘AG’ dinucleotide in the AG Exclusion Zone.
37419908	fulltext	RESULTS	hgvs	c.1991 C > T	Previous diagnostic testing had identified a missense variant classified as a VUS in exon 10 of PKD1 (c.1991 C > T).
37419908	fulltext	RESULTS	hgvs	c.1991C > T	Introme predicted that the c.1991C > T variant would generate a new cryptic donor site and result in an in-frame deletion of 36 amino acids (Supplementary Fig. 1C).
37419908	fulltext	RESULTS	hgvs	c.7489+5 G > A	In our previous study, a variant of uncertain significance had been identified in intron 18 of PKD1 (c.7489+5 G > A).
37419908	fulltext	RESULTS	hgvs	c.7489+5 G > A	RNA studies in RPA021 demonstrated that the c.7489+5 G > A variant in PKD1 resulted in the retention of 93 base pairs of intron 18, introducing a premature stop codon (Supplementary Fig. 2C, D).
37468838	fulltext	ABSTRACT	hgvs	c.7866C > A	As a result, among the 19 candidate single nucleotide alterations, 11 variants distributed in PKD1 (c.7866C > A, c.7960A > G, c.7979A > T, c.7987C > T, c.11248C > G, c.11251C > T, c.11257C > G, c.11257C > T, c.11346C > T, and c.11393C > G) and PKD2 (c.1480G > T) were identified to result in exon skipping.
37468838	fulltext	ABSTRACT	hgvs	c.7960A > G	As a result, among the 19 candidate single nucleotide alterations, 11 variants distributed in PKD1 (c.7866C > A, c.7960A > G, c.7979A > T, c.7987C > T, c.11248C > G, c.11251C > T, c.11257C > G, c.11257C > T, c.11346C > T, and c.11393C > G) and PKD2 (c.1480G > T) were identified to result in exon skipping.
37468838	fulltext	ABSTRACT	hgvs	c.7979A > T	As a result, among the 19 candidate single nucleotide alterations, 11 variants distributed in PKD1 (c.7866C > A, c.7960A > G, c.7979A > T, c.7987C > T, c.11248C > G, c.11251C > T, c.11257C > G, c.11257C > T, c.11346C > T, and c.11393C > G) and PKD2 (c.1480G > T) were identified to result in exon skipping.
37468838	fulltext	ABSTRACT	hgvs	c.7987C > T	As a result, among the 19 candidate single nucleotide alterations, 11 variants distributed in PKD1 (c.7866C > A, c.7960A > G, c.7979A > T, c.7987C > T, c.11248C > G, c.11251C > T, c.11257C > G, c.11257C > T, c.11346C > T, and c.11393C > G) and PKD2 (c.1480G > T) were identified to result in exon skipping.
37468838	fulltext	ABSTRACT	hgvs	c.11248C > G	As a result, among the 19 candidate single nucleotide alterations, 11 variants distributed in PKD1 (c.7866C > A, c.7960A > G, c.7979A > T, c.7987C > T, c.11248C > G, c.11251C > T, c.11257C > G, c.11257C > T, c.11346C > T, and c.11393C > G) and PKD2 (c.1480G > T) were identified to result in exon skipping.
37468838	fulltext	ABSTRACT	hgvs	c.11251C > T	As a result, among the 19 candidate single nucleotide alterations, 11 variants distributed in PKD1 (c.7866C > A, c.7960A > G, c.7979A > T, c.7987C > T, c.11248C > G, c.11251C > T, c.11257C > G, c.11257C > T, c.11346C > T, and c.11393C > G) and PKD2 (c.1480G > T) were identified to result in exon skipping.
37468838	fulltext	ABSTRACT	hgvs	c.11257C > G	As a result, among the 19 candidate single nucleotide alterations, 11 variants distributed in PKD1 (c.7866C > A, c.7960A > G, c.7979A > T, c.7987C > T, c.11248C > G, c.11251C > T, c.11257C > G, c.11257C > T, c.11346C > T, and c.11393C > G) and PKD2 (c.1480G > T) were identified to result in exon skipping.
37468838	fulltext	ABSTRACT	hgvs	c.11257C > T	As a result, among the 19 candidate single nucleotide alterations, 11 variants distributed in PKD1 (c.7866C > A, c.7960A > G, c.7979A > T, c.7987C > T, c.11248C > G, c.11251C > T, c.11257C > G, c.11257C > T, c.11346C > T, and c.11393C > G) and PKD2 (c.1480G > T) were identified to result in exon skipping.
37468838	fulltext	ABSTRACT	hgvs	c.11346C > T	As a result, among the 19 candidate single nucleotide alterations, 11 variants distributed in PKD1 (c.7866C > A, c.7960A > G, c.7979A > T, c.7987C > T, c.11248C > G, c.11251C > T, c.11257C > G, c.11257C > T, c.11346C > T, and c.11393C > G) and PKD2 (c.1480G > T) were identified to result in exon skipping.
37468838	fulltext	ABSTRACT	hgvs	c.11393C > G	As a result, among the 19 candidate single nucleotide alterations, 11 variants distributed in PKD1 (c.7866C > A, c.7960A > G, c.7979A > T, c.7987C > T, c.11248C > G, c.11251C > T, c.11257C > G, c.11257C > T, c.11346C > T, and c.11393C > G) and PKD2 (c.1480G > T) were identified to result in exon skipping.
37468838	fulltext	ABSTRACT	hgvs	c.1480G > T	As a result, among the 19 candidate single nucleotide alterations, 11 variants distributed in PKD1 (c.7866C > A, c.7960A > G, c.7979A > T, c.7987C > T, c.11248C > G, c.11251C > T, c.11257C > G, c.11257C > T, c.11346C > T, and c.11393C > G) and PKD2 (c.1480G > T) were identified to result in exon skipping.
37468838	fulltext	RESULTS	hgvs	c.11156G > A	Francisco J has demonstrated that 3 variants of PKD1 (327A > T, c.11156G > A and c.11257C > A) and 3 substitutions of PKD2 (c.1532A > T, c.1716G > A and c.2657A > G) can result in incomplete or complete exon skipping by minigene analysis.
37468838	fulltext	RESULTS	hgvs	c.11257C > A	Francisco J has demonstrated that 3 variants of PKD1 (327A > T, c.11156G > A and c.11257C > A) and 3 substitutions of PKD2 (c.1532A > T, c.1716G > A and c.2657A > G) can result in incomplete or complete exon skipping by minigene analysis.
37468838	fulltext	RESULTS	hgvs	c.1532A > T	Francisco J has demonstrated that 3 variants of PKD1 (327A > T, c.11156G > A and c.11257C > A) and 3 substitutions of PKD2 (c.1532A > T, c.1716G > A and c.2657A > G) can result in incomplete or complete exon skipping by minigene analysis.
37468838	fulltext	RESULTS	hgvs	c.1716G > A	Francisco J has demonstrated that 3 variants of PKD1 (327A > T, c.11156G > A and c.11257C > A) and 3 substitutions of PKD2 (c.1532A > T, c.1716G > A and c.2657A > G) can result in incomplete or complete exon skipping by minigene analysis.
37468838	fulltext	RESULTS	hgvs	c.2657A > G	Francisco J has demonstrated that 3 variants of PKD1 (327A > T, c.11156G > A and c.11257C > A) and 3 substitutions of PKD2 (c.1532A > T, c.1716G > A and c.2657A > G) can result in incomplete or complete exon skipping by minigene analysis.
37468838	fulltext	RESULTS	hgvs	c.1320G > T	Besides, the missense variant c.1320G > T and nonsense variant c.2614C > T have also been reported to alter pre-mRNA splicing, so these 8 single nucleotide substitutions were also excluded.
37468838	fulltext	RESULTS	hgvs	c.2614C > T	Besides, the missense variant c.1320G > T and nonsense variant c.2614C > T have also been reported to alter pre-mRNA splicing, so these 8 single nucleotide substitutions were also excluded.
37468838	fulltext	RESULTS	hgvs	c.1202C > T	According to the screening criteria described in materials and methods, the following 19 candidate variants were enrolled in the study: 15 in PKD1 (c.1202C > T, c.1248C > T, c.7866C > T c.7866C > A, c.7960A > G, c.7979A > T, c.7987C > T, c.11025G > A, c.11119C > T, c.11248C > G, c.11251C > T, c.11257C > G, c.11257C > T, c.11346C > T and c.11393C > G) and 4 in PKD2 (c.741C > G, c.796G > T, c.1480G > T and c.1546G > T), as shown in Table 1.
37468838	fulltext	RESULTS	hgvs	c.1248C > T	According to the screening criteria described in materials and methods, the following 19 candidate variants were enrolled in the study: 15 in PKD1 (c.1202C > T, c.1248C > T, c.7866C > T c.7866C > A, c.7960A > G, c.7979A > T, c.7987C > T, c.11025G > A, c.11119C > T, c.11248C > G, c.11251C > T, c.11257C > G, c.11257C > T, c.11346C > T and c.11393C > G) and 4 in PKD2 (c.741C > G, c.796G > T, c.1480G > T and c.1546G > T), as shown in Table 1.
37468838	fulltext	RESULTS	hgvs	c.7866C > T	According to the screening criteria described in materials and methods, the following 19 candidate variants were enrolled in the study: 15 in PKD1 (c.1202C > T, c.1248C > T, c.7866C > T c.7866C > A, c.7960A > G, c.7979A > T, c.7987C > T, c.11025G > A, c.11119C > T, c.11248C > G, c.11251C > T, c.11257C > G, c.11257C > T, c.11346C > T and c.11393C > G) and 4 in PKD2 (c.741C > G, c.796G > T, c.1480G > T and c.1546G > T), as shown in Table 1.
37468838	fulltext	RESULTS	hgvs	c.7866C > A	According to the screening criteria described in materials and methods, the following 19 candidate variants were enrolled in the study: 15 in PKD1 (c.1202C > T, c.1248C > T, c.7866C > T c.7866C > A, c.7960A > G, c.7979A > T, c.7987C > T, c.11025G > A, c.11119C > T, c.11248C > G, c.11251C > T, c.11257C > G, c.11257C > T, c.11346C > T and c.11393C > G) and 4 in PKD2 (c.741C > G, c.796G > T, c.1480G > T and c.1546G > T), as shown in Table 1.
37468838	fulltext	RESULTS	hgvs	c.7960A > G	According to the screening criteria described in materials and methods, the following 19 candidate variants were enrolled in the study: 15 in PKD1 (c.1202C > T, c.1248C > T, c.7866C > T c.7866C > A, c.7960A > G, c.7979A > T, c.7987C > T, c.11025G > A, c.11119C > T, c.11248C > G, c.11251C > T, c.11257C > G, c.11257C > T, c.11346C > T and c.11393C > G) and 4 in PKD2 (c.741C > G, c.796G > T, c.1480G > T and c.1546G > T), as shown in Table 1.
37468838	fulltext	RESULTS	hgvs	c.7979A > T	According to the screening criteria described in materials and methods, the following 19 candidate variants were enrolled in the study: 15 in PKD1 (c.1202C > T, c.1248C > T, c.7866C > T c.7866C > A, c.7960A > G, c.7979A > T, c.7987C > T, c.11025G > A, c.11119C > T, c.11248C > G, c.11251C > T, c.11257C > G, c.11257C > T, c.11346C > T and c.11393C > G) and 4 in PKD2 (c.741C > G, c.796G > T, c.1480G > T and c.1546G > T), as shown in Table 1.
37468838	fulltext	RESULTS	hgvs	c.7987C > T	According to the screening criteria described in materials and methods, the following 19 candidate variants were enrolled in the study: 15 in PKD1 (c.1202C > T, c.1248C > T, c.7866C > T c.7866C > A, c.7960A > G, c.7979A > T, c.7987C > T, c.11025G > A, c.11119C > T, c.11248C > G, c.11251C > T, c.11257C > G, c.11257C > T, c.11346C > T and c.11393C > G) and 4 in PKD2 (c.741C > G, c.796G > T, c.1480G > T and c.1546G > T), as shown in Table 1.
37468838	fulltext	RESULTS	hgvs	c.11025G > A	According to the screening criteria described in materials and methods, the following 19 candidate variants were enrolled in the study: 15 in PKD1 (c.1202C > T, c.1248C > T, c.7866C > T c.7866C > A, c.7960A > G, c.7979A > T, c.7987C > T, c.11025G > A, c.11119C > T, c.11248C > G, c.11251C > T, c.11257C > G, c.11257C > T, c.11346C > T and c.11393C > G) and 4 in PKD2 (c.741C > G, c.796G > T, c.1480G > T and c.1546G > T), as shown in Table 1.
37468838	fulltext	RESULTS	hgvs	c.11119C > T	According to the screening criteria described in materials and methods, the following 19 candidate variants were enrolled in the study: 15 in PKD1 (c.1202C > T, c.1248C > T, c.7866C > T c.7866C > A, c.7960A > G, c.7979A > T, c.7987C > T, c.11025G > A, c.11119C > T, c.11248C > G, c.11251C > T, c.11257C > G, c.11257C > T, c.11346C > T and c.11393C > G) and 4 in PKD2 (c.741C > G, c.796G > T, c.1480G > T and c.1546G > T), as shown in Table 1.
37468838	fulltext	RESULTS	hgvs	c.11248C > G	According to the screening criteria described in materials and methods, the following 19 candidate variants were enrolled in the study: 15 in PKD1 (c.1202C > T, c.1248C > T, c.7866C > T c.7866C > A, c.7960A > G, c.7979A > T, c.7987C > T, c.11025G > A, c.11119C > T, c.11248C > G, c.11251C > T, c.11257C > G, c.11257C > T, c.11346C > T and c.11393C > G) and 4 in PKD2 (c.741C > G, c.796G > T, c.1480G > T and c.1546G > T), as shown in Table 1.
37468838	fulltext	RESULTS	hgvs	c.11251C > T	According to the screening criteria described in materials and methods, the following 19 candidate variants were enrolled in the study: 15 in PKD1 (c.1202C > T, c.1248C > T, c.7866C > T c.7866C > A, c.7960A > G, c.7979A > T, c.7987C > T, c.11025G > A, c.11119C > T, c.11248C > G, c.11251C > T, c.11257C > G, c.11257C > T, c.11346C > T and c.11393C > G) and 4 in PKD2 (c.741C > G, c.796G > T, c.1480G > T and c.1546G > T), as shown in Table 1.
37468838	fulltext	RESULTS	hgvs	c.11257C > G	According to the screening criteria described in materials and methods, the following 19 candidate variants were enrolled in the study: 15 in PKD1 (c.1202C > T, c.1248C > T, c.7866C > T c.7866C > A, c.7960A > G, c.7979A > T, c.7987C > T, c.11025G > A, c.11119C > T, c.11248C > G, c.11251C > T, c.11257C > G, c.11257C > T, c.11346C > T and c.11393C > G) and 4 in PKD2 (c.741C > G, c.796G > T, c.1480G > T and c.1546G > T), as shown in Table 1.
37468838	fulltext	RESULTS	hgvs	c.11257C > T	According to the screening criteria described in materials and methods, the following 19 candidate variants were enrolled in the study: 15 in PKD1 (c.1202C > T, c.1248C > T, c.7866C > T c.7866C > A, c.7960A > G, c.7979A > T, c.7987C > T, c.11025G > A, c.11119C > T, c.11248C > G, c.11251C > T, c.11257C > G, c.11257C > T, c.11346C > T and c.11393C > G) and 4 in PKD2 (c.741C > G, c.796G > T, c.1480G > T and c.1546G > T), as shown in Table 1.
37468838	fulltext	RESULTS	hgvs	c.11346C > T	According to the screening criteria described in materials and methods, the following 19 candidate variants were enrolled in the study: 15 in PKD1 (c.1202C > T, c.1248C > T, c.7866C > T c.7866C > A, c.7960A > G, c.7979A > T, c.7987C > T, c.11025G > A, c.11119C > T, c.11248C > G, c.11251C > T, c.11257C > G, c.11257C > T, c.11346C > T and c.11393C > G) and 4 in PKD2 (c.741C > G, c.796G > T, c.1480G > T and c.1546G > T), as shown in Table 1.
37468838	fulltext	RESULTS	hgvs	c.11393C > G	According to the screening criteria described in materials and methods, the following 19 candidate variants were enrolled in the study: 15 in PKD1 (c.1202C > T, c.1248C > T, c.7866C > T c.7866C > A, c.7960A > G, c.7979A > T, c.7987C > T, c.11025G > A, c.11119C > T, c.11248C > G, c.11251C > T, c.11257C > G, c.11257C > T, c.11346C > T and c.11393C > G) and 4 in PKD2 (c.741C > G, c.796G > T, c.1480G > T and c.1546G > T), as shown in Table 1.
37468838	fulltext	RESULTS	hgvs	c.741C > G	According to the screening criteria described in materials and methods, the following 19 candidate variants were enrolled in the study: 15 in PKD1 (c.1202C > T, c.1248C > T, c.7866C > T c.7866C > A, c.7960A > G, c.7979A > T, c.7987C > T, c.11025G > A, c.11119C > T, c.11248C > G, c.11251C > T, c.11257C > G, c.11257C > T, c.11346C > T and c.11393C > G) and 4 in PKD2 (c.741C > G, c.796G > T, c.1480G > T and c.1546G > T), as shown in Table 1.
37468838	fulltext	RESULTS	hgvs	c.796G > T	According to the screening criteria described in materials and methods, the following 19 candidate variants were enrolled in the study: 15 in PKD1 (c.1202C > T, c.1248C > T, c.7866C > T c.7866C > A, c.7960A > G, c.7979A > T, c.7987C > T, c.11025G > A, c.11119C > T, c.11248C > G, c.11251C > T, c.11257C > G, c.11257C > T, c.11346C > T and c.11393C > G) and 4 in PKD2 (c.741C > G, c.796G > T, c.1480G > T and c.1546G > T), as shown in Table 1.
37468838	fulltext	RESULTS	hgvs	c.1480G > T	According to the screening criteria described in materials and methods, the following 19 candidate variants were enrolled in the study: 15 in PKD1 (c.1202C > T, c.1248C > T, c.7866C > T c.7866C > A, c.7960A > G, c.7979A > T, c.7987C > T, c.11025G > A, c.11119C > T, c.11248C > G, c.11251C > T, c.11257C > G, c.11257C > T, c.11346C > T and c.11393C > G) and 4 in PKD2 (c.741C > G, c.796G > T, c.1480G > T and c.1546G > T), as shown in Table 1.
37468838	fulltext	RESULTS	hgvs	c.1546G > T	According to the screening criteria described in materials and methods, the following 19 candidate variants were enrolled in the study: 15 in PKD1 (c.1202C > T, c.1248C > T, c.7866C > T c.7866C > A, c.7960A > G, c.7979A > T, c.7987C > T, c.11025G > A, c.11119C > T, c.11248C > G, c.11251C > T, c.11257C > G, c.11257C > T, c.11346C > T and c.11393C > G) and 4 in PKD2 (c.741C > G, c.796G > T, c.1480G > T and c.1546G > T), as shown in Table 1.
37468838	fulltext	TABLE	hgvs	c.1202C > T	"Gene	Variants	Amino Acid	Exon(length)	Location in Exon	BDGP	ESEs Broken	New ESSs	△MaxEnt Donor site	△MaxEnt Acceptor site	rs ID	 	PKD1	c.1202C > T	p."
37468838	fulltext	TABLE	hgvs	c.1248C > T	"Ala401Val	6(184)	+ 1	3′AS: 0.43→0.52	0	0		-27.22%	rs139917246	 	PKD1	c.1248C > T	p."
37468838	fulltext	TABLE	rsid	rs139917246	"Ala401Val	6(184)	+ 1	3′AS: 0.43→0.52	0	0		-27.22%	rs139917246	 	PKD1	c.1248C > T	p."
37468838	fulltext	TABLE	hgvs	c.7866C > A	"Asn416=	6(184)	+ 47	NA	7	3		-2.71%	rs1303361524	 	PKD1	c.7866C > A	p."
37468838	fulltext	TABLE	rsid	rs1303361524	"Asn416=	6(184)	+ 47	NA	7	3		-2.71%	rs1303361524	 	PKD1	c.7866C > A	p."
37468838	fulltext	TABLE	hgvs	c.7866C > T	"Tyr2622*	21(153)	+ 3	3′AS: 0.67→0.55	5	2		13.05%	rs181130940	 	PKD1	c.7866C > T	p."
37468838	fulltext	TABLE	rsid	rs181130940	"Tyr2622*	21(153)	+ 3	3′AS: 0.67→0.55	5	2		13.05%	rs181130940	 	PKD1	c.7866C > T	p."
37468838	fulltext	TABLE	hgvs	c.7960A > G	"Tyr2622=	21(153)	+ 3	3′AS: 0.67→0.52	3	0			rs181130940	 	PKD1	c.7960A > G	p."
37468838	fulltext	TABLE	rsid	rs181130940	"Tyr2622=	21(153)	+ 3	3′AS: 0.67→0.52	3	0			rs181130940	 	PKD1	c.7960A > G	p."
37468838	fulltext	TABLE	hgvs	c.7979A > T	"Arg2654Gly	21(153)	-57	NA	5	9			NA	 	PKD1	c.7979A > T	p."
37468838	fulltext	TABLE	hgvs	c.7987C > T	"Asp2660Val	21(153)	-38	NA	6	2		498.63%	NA	 	PKD1	c.7987C > T	p."
37468838	fulltext	TABLE	hgvs	c.11025G > A	"Gln2663*	21(153)	-30	NA	8	2			rs1567182193	 	PKD1	c.11025G > A	p."
37468838	fulltext	TABLE	rsid	rs1567182193	"Gln2663*	21(153)	-30	NA	8	2			rs1567182193	 	PKD1	c.11025G > A	p."
37468838	fulltext	TABLE	hgvs	c.11119C > T	"Leu3675=	38(140)	+ 9	3′AS: 0.34→0.32	7	4			rs1430303850	 	PKD1	c.11119C > T	p."
37468838	fulltext	TABLE	rsid	rs1430303850	"Leu3675=	38(140)	+ 9	3′AS: 0.34→0.32	7	4			rs1430303850	 	PKD1	c.11119C > T	p."
37468838	fulltext	TABLE	hgvs	c.11248C > G	"Gln3707*	38(140)	-38	NA	8	2	235.56%		rs2091668243	 	PKD1	c.11248C > G	p."
37468838	fulltext	TABLE	rsid	rs2091668243	"Gln3707*	38(140)	-38	NA	8	2	235.56%		rs2091668243	 	PKD1	c.11248C > G	p."
37468838	fulltext	TABLE	hgvs	c.11251C > T	"Arg3750Gly	39(113)	-22	NA	9	5		36.36%	NA	 	PKD1	c.11251C > T	p."
37468838	fulltext	TABLE	hgvs	c.11257C > G	"Gln3751*	39(113)	-18	NA	5	4	620%		NA	 	PKD1	c.11257C > G	p."
37468838	fulltext	TABLE	hgvs	c.11257C > T	"Arg3753Gly	39(113)	-13	NA	3	10			rs1167476946	 	PKD1	c.11257C > T	p."
37468838	fulltext	TABLE	rsid	rs1167476946	"Arg3753Gly	39(113)	-13	NA	3	10			rs1167476946	 	PKD1	c.11257C > T	p."
37468838	fulltext	TABLE	hgvs	c.11346 C > T	"Arg3753Trp	39(113)	-13	NA	1	8			rs1167476946	 	PKD1	c.11346 C > T	p."
37468838	fulltext	TABLE	rsid	rs1167476946	"Arg3753Trp	39(113)	-13	NA	1	8			rs1167476946	 	PKD1	c.11346 C > T	p."
37468838	fulltext	TABLE	hgvs	c.11393C > G	"Asp3782=	40(142)	-64	NA	5	3			rs145955373	 	PKD1	c.11393C > G	p."
37468838	fulltext	TABLE	rsid	rs145955373	"Asp3782=	40(142)	-64	NA	5	3			rs145955373	 	PKD1	c.11393C > G	p."
37468838	fulltext	TABLE	hgvs	c.741C > G	"Ser3798*	40(142)	-19	NA	3	7			NA	 	PKD2	c.741C > G	p."
37468838	fulltext	TABLE	hgvs	c.796G > T	"Tyr247*	3(134)	+ 36	NA	5	6			rs1578129049	 	PKD2	c.796G > T	p."
37468838	fulltext	TABLE	rsid	rs1578129049	"Tyr247*	3(134)	+ 36	NA	5	6			rs1578129049	 	PKD2	c.796G > T	p."
37468838	fulltext	TABLE	hgvs	c.1480G > T	"Glu266*	3(134)	-48	NA	12	2		146.95%	NA	 	PKD2	c.1480G > T	p."
37468838	fulltext	TABLE	hgvs	c.1546G > T	"Glu494*	6(229)	-69	NA	9	1			rs1727790591	 	PKD2	c.1546G > T	p."
37468838	fulltext	TABLE	rsid	rs1727790591	"Glu494*	6(229)	-69	NA	9	1			rs1727790591	 	PKD2	c.1546G > T	p."
37468838	fulltext	TABLE	rsid	rs143581690	"Val516Leu	6(229)	-3	5′DS: 0.62→0.68	2	6	-2.77%		rs143581690"
37468838	fulltext	TABLE	hgvs	c.1202C > T	"Gene	Variants	Amino Acid	Mutation Taster (score)	PolyPhen-2 (score)	ClinPred	 	PKD1	c.1202C > T	p."
37468838	fulltext	TABLE	hgvs	c.7960A > G	"Ala401Val	polymorphism(0.926)	benign (0.000)	benign (0.001)	 	PKD1	c.7960A > G	p."
37468838	fulltext	TABLE	hgvs	c.7979A > T	"Arg2654Gly	polymorphism(0.995)	benign (0.374)	probably damaging (0.516)	 	PKD1	c.7979A > T	p."
37468838	fulltext	TABLE	hgvs	c.11248C > G	"Asp2660Val	disease causing(0.999)	probably damaging (1.000)	probably damaging (0.998)	 	PKD1	c.11248C > G	p."
37468838	fulltext	TABLE	hgvs	c.11257C > G	"Arg3750Gly	disease causing(0.999)	probably damaging (0.981)	probably damaging (0.989)	 	PKD1	c.11257C > G	p."
37468838	fulltext	TABLE	hgvs	c.11257C > T	"Arg3753Gly	disease causing(0.999)	benign (0.141)	probably damaging (0.997)	 	PKD1	c.11257C > T	p."
37468838	fulltext	TABLE	hgvs	c.1546G > T	"Arg3753Trp	disease causing(0.999)	probably damaging (0.994)	probably damaging (0.998)	 	PKD2	c.1546G > T	p."
37468838	fulltext	RESULTS	hgvs	c.1202C > T	Unfortunately, these variants c.1202C > T, c.1248C > T, c.11025G > A, and c.11119C > T distributed in PKD1 were not verifiable for technical reasons.
37468838	fulltext	RESULTS	hgvs	c.1248C > T	Unfortunately, these variants c.1202C > T, c.1248C > T, c.11025G > A, and c.11119C > T distributed in PKD1 were not verifiable for technical reasons.
37468838	fulltext	RESULTS	hgvs	c.11025G > A	Unfortunately, these variants c.1202C > T, c.1248C > T, c.11025G > A, and c.11119C > T distributed in PKD1 were not verifiable for technical reasons.
37468838	fulltext	RESULTS	hgvs	c.11119C > T	Unfortunately, these variants c.1202C > T, c.1248C > T, c.11025G > A, and c.11119C > T distributed in PKD1 were not verifiable for technical reasons.
37468838	fulltext	TABLE	hgvs	c.7866C > A	"Gene	Variants	Type	Sites of Action	Splicing Changes	Frameshift	Protein	 	PKD1	c.7866C > A	nonsense	Splicing sites	partial skipping of exon21	in-frame deletions(codon 2622–2672)	51 aa loss in extracellular N-terminal domain (PC1)	 	PKD1	c.7960A > G	missense	ESEs/ESSs	partial skipping of exon21	in-frame deletions(codon 2622–2672)	51 aa loss in extracellular N-terminal domain (PC1)	 	PKD1	c.7979A > T	missense	ESEs/ESSs	partial skipping of exon21	in-frame deletions(codon 2622–2672)	51 aa loss in extracellular N-terminal domain (PC1)	 	PKD1	c.7987C > T	nonsense	ESEs/ESSs	partial skipping of exon21	in-frame deletions(codon 2622–2672)	51 aa loss in extracellular N-terminal domain (PC1)	 	PKD1	c.112"
37468838	fulltext	TABLE	hgvs	c.7960A > G	"Gene	Variants	Type	Sites of Action	Splicing Changes	Frameshift	Protein	 	PKD1	c.7866C > A	nonsense	Splicing sites	partial skipping of exon21	in-frame deletions(codon 2622–2672)	51 aa loss in extracellular N-terminal domain (PC1)	 	PKD1	c.7960A > G	missense	ESEs/ESSs	partial skipping of exon21	in-frame deletions(codon 2622–2672)	51 aa loss in extracellular N-terminal domain (PC1)	 	PKD1	c.7979A > T	missense	ESEs/ESSs	partial skipping of exon21	in-frame deletions(codon 2622–2672)	51 aa loss in extracellular N-terminal domain (PC1)	 	PKD1	c.7987C > T	nonsense	ESEs/ESSs	partial skipping of exon21	in-frame deletions(codon 2622–2672)	51 aa loss in extracellular N-terminal domain (PC1)	 	PKD1	c.112"
37468838	fulltext	TABLE	hgvs	c.7979A > T	"Gene	Variants	Type	Sites of Action	Splicing Changes	Frameshift	Protein	 	PKD1	c.7866C > A	nonsense	Splicing sites	partial skipping of exon21	in-frame deletions(codon 2622–2672)	51 aa loss in extracellular N-terminal domain (PC1)	 	PKD1	c.7960A > G	missense	ESEs/ESSs	partial skipping of exon21	in-frame deletions(codon 2622–2672)	51 aa loss in extracellular N-terminal domain (PC1)	 	PKD1	c.7979A > T	missense	ESEs/ESSs	partial skipping of exon21	in-frame deletions(codon 2622–2672)	51 aa loss in extracellular N-terminal domain (PC1)	 	PKD1	c.7987C > T	nonsense	ESEs/ESSs	partial skipping of exon21	in-frame deletions(codon 2622–2672)	51 aa loss in extracellular N-terminal domain (PC1)	 	PKD1	c.112"
37468838	fulltext	TABLE	hgvs	c.7987C > T	"Gene	Variants	Type	Sites of Action	Splicing Changes	Frameshift	Protein	 	PKD1	c.7866C > A	nonsense	Splicing sites	partial skipping of exon21	in-frame deletions(codon 2622–2672)	51 aa loss in extracellular N-terminal domain (PC1)	 	PKD1	c.7960A > G	missense	ESEs/ESSs	partial skipping of exon21	in-frame deletions(codon 2622–2672)	51 aa loss in extracellular N-terminal domain (PC1)	 	PKD1	c.7979A > T	missense	ESEs/ESSs	partial skipping of exon21	in-frame deletions(codon 2622–2672)	51 aa loss in extracellular N-terminal domain (PC1)	 	PKD1	c.7987C > T	nonsense	ESEs/ESSs	partial skipping of exon21	in-frame deletions(codon 2622–2672)	51 aa loss in extracellular N-terminal domain (PC1)	 	PKD1	c.112"
37468838	fulltext	TABLE	hgvs	c.11248C > G	"Gene	Variants	Type	Sites of Action	Splicing Changes	Frameshift	Protein	 	PKD1	c.7866C > A	nonsense	Splicing sites	partial skipping of exon21	in-frame deletions(codon 2622–2672)	51 aa loss in extracellular N-terminal domain (PC1)	 	PKD1	c.7960A > G	missense	ESEs/ESSs	partial skipping of exon21	in-frame deletions(codon 2622–2672)	51 aa loss in extracellular N-terminal domain (PC1)	 	PKD1	c.7979A > T	missense	ESEs/ESSs	partial skipping of exon21	in-frame deletions(codon 2622–2672)	51 aa loss in extracellular N-terminal domain (PC1)	 	PKD1	c.7987C > T	nonsense	ESEs/ESSs	partial skipping of exon21	in-frame deletions(codon 2622–2672)	51 aa loss in extracellular N-terminal domain (PC1)	 	PKD1	c.112"
37468838	fulltext	TABLE	hgvs	c.11251C > T	"Ser3720Thr fs*58/in-frame deletions (codon 3720–3804)	truncated protein/84 aa loss in TOP domain (PC1)	 	PKD1	c.11251C > T	nonsense	ESEs/ESSs	partial skipping of exon39/exon39 and exon40	p."
37468838	fulltext	TABLE	hgvs	c.11257C > G	"Ser3720Thr fs*58/in-frame deletions (codon 3720–3804)	truncated protein/84 aa loss in TOP domain (PC1)	 	PKD1	c.11257C > G	missense	ESEs/ESSs	partial skipping of exon39/exon39 and exon40	p."
37468838	fulltext	TABLE	hgvs	c.11257C > T	"Ser3720Thr fs*58/in-frame deletions (codon 3720–3804)	truncated protein/84 aa loss in TOP domain (PC1)	 	PKD1	c.11257C > T	missense	ESEs/ESSs	partial skipping of exon39/exon39 and exon40	p."
37468838	fulltext	TABLE	hgvs	c.11346C > T	"Ser3720Thr fs*58/in-frame deletions (codon 3720–3804)	truncated protein/84 aa loss in TOP domain (PC1)	 	PKD1	c.11346C > T	synonymous	ESEs/ESSs	partial skipping of exon40	p."
37468838	fulltext	TABLE	hgvs	c.11393C > G	"Ala3757Gly fs*22	truncated protein (PC1)	 	PKD1	c.11393C > G	nonsense	ESEs/ESSs	partial skipping of exon40	p."
37468838	fulltext	TABLE	hgvs	c.1480G > T	"Ala3757Gly fs*22	truncated protein (PC1)	 	PKD2	c.1480G > T	nonsense	Splicing sitesand ESEs/ESSs	new alternative splicing and partial skipping of exon6	p."
37468838	fulltext	RESULTS	hgvs	c.7866C > A	The nonsense variant (PKD1): c.7866C > A (p.
37468838	fulltext	RESULTS	hgvs	c.7866C > A	Besides, the variant c.7866C > A was forecasted not only to disrupt five ESEs, but also to generate two ESSs by HSF 3.1 analysis.
37468838	fulltext	RESULTS	hgvs	c.7960A > G	These missense variants (PKD1): c.7960A > G (p.
37468838	fulltext	RESULTS	hgvs	c.7979A > T	Arg2654Gly), (PKD1): c.7979A > T (p.
37468838	fulltext	RESULTS	hgvs	c.7987C > T	Asp2660Val) and nonsense variant (PKD1): c.7987C > T (p.
37468838	fulltext	RESULTS	hgvs	c.7866C > A	Similarly, the agarose gel electrophoresis of these variants (PKD1): c.7866C > A (p.
37468838	fulltext	RESULTS	hgvs	c.7960A > G	Tyr2622X), (PKD1): c.7960A > G (p.
37468838	fulltext	RESULTS	hgvs	c.7987C > T	Asp2660Val) and (PKD1): c.7987C > T (p.
37468838	fulltext	FIG	hgvs	c.7866C > A	(A) Lane 1: marker; lane 2: PSPL3 (263 bp); Lane 3: PSPL3 Ex20-21 (576 bp and 423 bp); Lane 4: c.7866C > A (576 bp and 423 bp); Lane 5: c.7866C > T (576 bp and 423 bp); Lane 6: c.7960A > G (576 bp and 423 bp); Lane 7: c.7979A > T (576 bp and 423 bp); Lane 8: c.7987C > T (576 bp and 423 bp).
37468838	fulltext	FIG	hgvs	c.7866C > T	(A) Lane 1: marker; lane 2: PSPL3 (263 bp); Lane 3: PSPL3 Ex20-21 (576 bp and 423 bp); Lane 4: c.7866C > A (576 bp and 423 bp); Lane 5: c.7866C > T (576 bp and 423 bp); Lane 6: c.7960A > G (576 bp and 423 bp); Lane 7: c.7979A > T (576 bp and 423 bp); Lane 8: c.7987C > T (576 bp and 423 bp).
37468838	fulltext	FIG	hgvs	c.7960A > G	(A) Lane 1: marker; lane 2: PSPL3 (263 bp); Lane 3: PSPL3 Ex20-21 (576 bp and 423 bp); Lane 4: c.7866C > A (576 bp and 423 bp); Lane 5: c.7866C > T (576 bp and 423 bp); Lane 6: c.7960A > G (576 bp and 423 bp); Lane 7: c.7979A > T (576 bp and 423 bp); Lane 8: c.7987C > T (576 bp and 423 bp).
37468838	fulltext	FIG	hgvs	c.7979A > T	(A) Lane 1: marker; lane 2: PSPL3 (263 bp); Lane 3: PSPL3 Ex20-21 (576 bp and 423 bp); Lane 4: c.7866C > A (576 bp and 423 bp); Lane 5: c.7866C > T (576 bp and 423 bp); Lane 6: c.7960A > G (576 bp and 423 bp); Lane 7: c.7979A > T (576 bp and 423 bp); Lane 8: c.7987C > T (576 bp and 423 bp).
37468838	fulltext	FIG	hgvs	c.7987C > T	(A) Lane 1: marker; lane 2: PSPL3 (263 bp); Lane 3: PSPL3 Ex20-21 (576 bp and 423 bp); Lane 4: c.7866C > A (576 bp and 423 bp); Lane 5: c.7866C > T (576 bp and 423 bp); Lane 6: c.7960A > G (576 bp and 423 bp); Lane 7: c.7979A > T (576 bp and 423 bp); Lane 8: c.7987C > T (576 bp and 423 bp).
37468838	fulltext	FIG	hgvs	c.11248C > G	(C) Lane 1: marker; lane 2: PSPL3 (263 bp); Lane 3: PSPL3 Ex39-40 (518 bp, 405 bp and 263 bp); Lane 4: c.11248C > G (518 bp, 405 bp and 263 bp); Lane 5: c.11251C > T (518 bp, 405 bp and 263 bp); Lane 6: c.11257C > G (518 bp, 405 bp and 263 bp); Lane 7: c.11257C > T (518 bp, 405 bp and 263 bp).
37468838	fulltext	FIG	hgvs	c.11251C > T	(C) Lane 1: marker; lane 2: PSPL3 (263 bp); Lane 3: PSPL3 Ex39-40 (518 bp, 405 bp and 263 bp); Lane 4: c.11248C > G (518 bp, 405 bp and 263 bp); Lane 5: c.11251C > T (518 bp, 405 bp and 263 bp); Lane 6: c.11257C > G (518 bp, 405 bp and 263 bp); Lane 7: c.11257C > T (518 bp, 405 bp and 263 bp).
37468838	fulltext	FIG	hgvs	c.11257C > G	(C) Lane 1: marker; lane 2: PSPL3 (263 bp); Lane 3: PSPL3 Ex39-40 (518 bp, 405 bp and 263 bp); Lane 4: c.11248C > G (518 bp, 405 bp and 263 bp); Lane 5: c.11251C > T (518 bp, 405 bp and 263 bp); Lane 6: c.11257C > G (518 bp, 405 bp and 263 bp); Lane 7: c.11257C > T (518 bp, 405 bp and 263 bp).
37468838	fulltext	FIG	hgvs	c.11257C > T	(C) Lane 1: marker; lane 2: PSPL3 (263 bp); Lane 3: PSPL3 Ex39-40 (518 bp, 405 bp and 263 bp); Lane 4: c.11248C > G (518 bp, 405 bp and 263 bp); Lane 5: c.11251C > T (518 bp, 405 bp and 263 bp); Lane 6: c.11257C > G (518 bp, 405 bp and 263 bp); Lane 7: c.11257C > T (518 bp, 405 bp and 263 bp).
37468838	fulltext	FIG	hgvs	c.11346C > T	(F) Lane 1: marker; lane 2: PSPL3 (263 bp); Lane 3: PSPL3 Ex40 (405 bp and 263 bp); Lane 4: c.11346C > T (405 bp and 263 bp); Lane 5: c.11393C > G (405 bp and 263 bp).
37468838	fulltext	FIG	hgvs	c.11393C > G	(F) Lane 1: marker; lane 2: PSPL3 (263 bp); Lane 3: PSPL3 Ex40 (405 bp and 263 bp); Lane 4: c.11346C > T (405 bp and 263 bp); Lane 5: c.11393C > G (405 bp and 263 bp).
37468838	fulltext	RESULTS	hgvs	c.7866C > T	The variant (PKD1): c.7866C > T (p.
37468838	fulltext	RESULTS	hgvs	c.7866C > T	The synonymous variant (PKD1): c.7866C > T (p.
37468838	fulltext	RESULTS	hgvs	c.7866C > T	Finally, minigene analysis of the variant c.7866C > T resulted in two products that matched in size with those generated by the respective WT minigene.
37468838	fulltext	RESULTS	hgvs	c.7866C > T	However, statistical analysis suggested no significant difference of exon 21-skipping transcript (45.3% vs. 33.0%, P = 0.0618), so it was concluded that the variant c.7866C > T did not alter mRNA splicing (Fig. 2B).
37468838	fulltext	RESULTS	hgvs	c.11248C > G	The missense variant (PKD1): c.11248C > G (p.
37468838	fulltext	RESULTS	hgvs	c.11251C > T	The nonsense variant (PKD1): c.11251C > T (p.
37468838	fulltext	RESULTS	hgvs	c.11257C > G	These missense variants (PKD1): c.11257C > G (p.
37468838	fulltext	RESULTS	hgvs	c.11257C > T	Arg3753Gly) and (PKD1): c.11257C > T (p.
37468838	fulltext	RESULTS	hgvs	c.11257C > T	Variant c.11257C > T is considered harmful by both MutationTaster, PolyPhen-2 and ClinPred, while it is arguable that the variant c.11257C > G is considered potentially benign by PolyPhen-2 and pathogenic by MutationTaster and ClinPred.
37468838	fulltext	RESULTS	hgvs	c.11257C > G	Variant c.11257C > T is considered harmful by both MutationTaster, PolyPhen-2 and ClinPred, while it is arguable that the variant c.11257C > G is considered potentially benign by PolyPhen-2 and pathogenic by MutationTaster and ClinPred.
37468838	fulltext	RESULTS	hgvs	c.11248C > G	Quantitative analysis of the PCR products revealed that the amount of 263 bp band generated by the minigene of variant c.11248C > G was increased (40.2% vs. 32.9%, P < 0.01) (Fig. 2D), while the rate of 405 bp fragment of the variant c.11257C > T in the total transcripts was statistically significant (33.77% vs. 27.7%, P < 0.05) (Fig. 2E).
37468838	fulltext	RESULTS	hgvs	c.11257C > T	Quantitative analysis of the PCR products revealed that the amount of 263 bp band generated by the minigene of variant c.11248C > G was increased (40.2% vs. 32.9%, P < 0.01) (Fig. 2D), while the rate of 405 bp fragment of the variant c.11257C > T in the total transcripts was statistically significant (33.77% vs. 27.7%, P < 0.05) (Fig. 2E).
37468838	fulltext	RESULTS	hgvs	c.11251C > T	And the amounts of both 263 and 405 bp transcripts of variants c.11251C > T and c.11257C > G were observably increased (263 bp, 41.7% vs. 32.9%, P < 0.0001 and 39.3% vs. 32.9%, P < 0.001; 405 bp, 37.4% vs. 27.7%, P < 0.01 and 33.9% vs. 27.7%, P < 0.05) (Fig. 2D, E).
37468838	fulltext	RESULTS	hgvs	c.11257C > G	And the amounts of both 263 and 405 bp transcripts of variants c.11251C > T and c.11257C > G were observably increased (263 bp, 41.7% vs. 32.9%, P < 0.0001 and 39.3% vs. 32.9%, P < 0.001; 405 bp, 37.4% vs. 27.7%, P < 0.01 and 33.9% vs. 27.7%, P < 0.05) (Fig. 2D, E).
37468838	fulltext	RESULTS	hgvs	c.11346C > T	The synonymous variant (PKD1): c.11346C > T (p.
37468838	fulltext	RESULTS	hgvs	c.11393C > G	Asp3782Asp) and nonsense variant (PKD1): c.11393C > G (p.
37468838	fulltext	RESULTS	hgvs	c.11346C > T	Results of HSF 3.1 analysis indicated that the variant c.11346C > T and c.11393C > G inactivates 5 and 3 potential ESEs and generates 3 and 7 potential overlapping ESSs, respectively.
37468838	fulltext	RESULTS	hgvs	c.11393C > G	Results of HSF 3.1 analysis indicated that the variant c.11346C > T and c.11393C > G inactivates 5 and 3 potential ESEs and generates 3 and 7 potential overlapping ESSs, respectively.
37468838	fulltext	RESULTS	hgvs	c.11346C > T	Minigene assay in HEK 293T and Hela cells validated that the cDNA products of WT, variant c.11346C > T and c.11393C > G were identical in size, with two transcripts of 405 bp and 263 bp (Fig. 2F).
37468838	fulltext	RESULTS	hgvs	c.11393C > G	Minigene assay in HEK 293T and Hela cells validated that the cDNA products of WT, variant c.11346C > T and c.11393C > G were identical in size, with two transcripts of 405 bp and 263 bp (Fig. 2F).
37468838	fulltext	RESULTS	hgvs	c.11346C > T	However, analysis of cDNA indicated that the amount of exon 40 skipping transcript of the variant c.11346C > T and c.11393C > G was both significantly higher than that of control plasmids (c.11346C > T, 53.1% vs. 38.2%, P < 0.01; c.11393C > G, 52.1% vs. 38.2%, P < 0.05) (Fig. 2G).
37468838	fulltext	RESULTS	hgvs	c.11393C > G	However, analysis of cDNA indicated that the amount of exon 40 skipping transcript of the variant c.11346C > T and c.11393C > G was both significantly higher than that of control plasmids (c.11346C > T, 53.1% vs. 38.2%, P < 0.01; c.11393C > G, 52.1% vs. 38.2%, P < 0.05) (Fig. 2G).
37468838	fulltext	RESULTS	hgvs	c.1480G > T	Nonsense variant (PKD2): c.1480G > T (p.
37468838	fulltext	RESULTS	hgvs	c.1480G > T	Miraculously, the minigene analysis of variant c.1480G > T revealed a new production (370 bp) which included a 122 bp fragment of exon 6 deletion from the 3′ end and two exons of pSPL3 (Fig. 3B).
37468838	fulltext	RESULTS	hgvs	c.1480G > T	Furthermore, quantitative analysis suggested that there was a significant increase of the exon 6-skipping transcript of c.1480G > T compared with WT plasmids (Fig. 3C).
37468838	fulltext	FIG	hgvs	c.1480G > T	Agarose gel electrophoresis and statistical analysis of RT-PCR products of PKD2 gene and functional characterization of c.1480G > T.
37468838	fulltext	FIG	hgvs	c.741C > G	(A) Lane 1: marker; lane 2: PSPL3 (263 bp); Lane 3: PSPL3 Ex3 (397 bp); Lane 4: c.741C > G (397 bp); Lane 5: c.796G > T (397 bp).
37468838	fulltext	FIG	hgvs	c.796G > T	(A) Lane 1: marker; lane 2: PSPL3 (263 bp); Lane 3: PSPL3 Ex3 (397 bp); Lane 4: c.741C > G (397 bp); Lane 5: c.796G > T (397 bp).
37468838	fulltext	FIG	hgvs	c.1480G > T	(B) Lane 1: marker; lane 2: PSPL3 (263 bp); Lane 3: PSPL3 Ex6 (492 bp, 340 bp, and 263 bp); Lane 4: c.1480G > T (492 bp, 370 bp, and 263 bp); Lane 5: c.1546G > T (492 bp, 340 bp, and 263 bp).
37468838	fulltext	FIG	hgvs	c.1546G > T	(B) Lane 1: marker; lane 2: PSPL3 (263 bp); Lane 3: PSPL3 Ex6 (492 bp, 340 bp, and 263 bp); Lane 4: c.1480G > T (492 bp, 370 bp, and 263 bp); Lane 5: c.1546G > T (492 bp, 340 bp, and 263 bp).
37468838	fulltext	FIG	hgvs	c.1480G > T	(D, E) Structure model of the exon6 and the variant c.1480G > T in PKD2 gene.
37468838	fulltext	RESULTS	hgvs	c.741C > G	Nonsense variants (PKD2): c.741C > G (p.
37468838	fulltext	RESULTS	hgvs	c.796G > T	Tyr247*) and (PKD2): c.796G > T (p.
37468838	fulltext	RESULTS	hgvs	c.1546G > T	Glu266*) in exon3 and missense variant (PKD2): c.1546G > T (p.
37468838	fulltext	RESULTS	hgvs	c.1546G > T	Missense variant (PKD2): c.1546G > T (p.
37468838	fulltext	RESULTS	hgvs	c.1546G > T	Nevertheless, the RT-PCR products of the minigene containing the variant c.1546G > T matched in size with the corresponding WT minigene (Fig. 3B).
37468838	fulltext	RESULTS	hgvs	c.741C > G	Therefore, these variants, c.741C > G, c.796G > T, and c.1546G > T, were considered to have no influence on pre-mRNA splicing.
37468838	fulltext	RESULTS	hgvs	c.796G > T	Therefore, these variants, c.741C > G, c.796G > T, and c.1546G > T, were considered to have no influence on pre-mRNA splicing.
37468838	fulltext	RESULTS	hgvs	c.1546G > T	Therefore, these variants, c.741C > G, c.796G > T, and c.1546G > T, were considered to have no influence on pre-mRNA splicing.
37468838	fulltext	DISCUSS	hgvs	c.7866C > A	In the PKD1 gene, transcriptional PCR analysis of these variants (c.7866C > A, c.7960A > G, c.7979A > T, c.7987C > T, c.11346C > T and c.11393C > G) have shown that they affect normal pre-mRNA splicing by causing a significant imbalance in the ESE/ESS ratios.
37468838	fulltext	DISCUSS	hgvs	c.7960A > G	In the PKD1 gene, transcriptional PCR analysis of these variants (c.7866C > A, c.7960A > G, c.7979A > T, c.7987C > T, c.11346C > T and c.11393C > G) have shown that they affect normal pre-mRNA splicing by causing a significant imbalance in the ESE/ESS ratios.
37468838	fulltext	DISCUSS	hgvs	c.7979A > T	In the PKD1 gene, transcriptional PCR analysis of these variants (c.7866C > A, c.7960A > G, c.7979A > T, c.7987C > T, c.11346C > T and c.11393C > G) have shown that they affect normal pre-mRNA splicing by causing a significant imbalance in the ESE/ESS ratios.
37468838	fulltext	DISCUSS	hgvs	c.7987C > T	In the PKD1 gene, transcriptional PCR analysis of these variants (c.7866C > A, c.7960A > G, c.7979A > T, c.7987C > T, c.11346C > T and c.11393C > G) have shown that they affect normal pre-mRNA splicing by causing a significant imbalance in the ESE/ESS ratios.
37468838	fulltext	DISCUSS	hgvs	c.11346C > T	In the PKD1 gene, transcriptional PCR analysis of these variants (c.7866C > A, c.7960A > G, c.7979A > T, c.7987C > T, c.11346C > T and c.11393C > G) have shown that they affect normal pre-mRNA splicing by causing a significant imbalance in the ESE/ESS ratios.
37468838	fulltext	DISCUSS	hgvs	c.11393C > G	In the PKD1 gene, transcriptional PCR analysis of these variants (c.7866C > A, c.7960A > G, c.7979A > T, c.7987C > T, c.11346C > T and c.11393C > G) have shown that they affect normal pre-mRNA splicing by causing a significant imbalance in the ESE/ESS ratios.
37468838	fulltext	DISCUSS	hgvs	c.7866C > A	It is important to note that the mechanism by which the variant c.7866C > A affected splicing is complex, and it may also alter the recognition ability of acceptor site because it was located at the 5′ end of the exon 21.
37468838	fulltext	DISCUSS	hgvs	c.7866C > A	Eventually, these variants c.7866C > A, c.7960A > G, c.7979A > T and c.7987C > T, to varying degrees, prevented the inclusion of exon 21, resulting in an in-frame deletion (codon 2622–2672) in which mutant proteins would lose part of extracellular N-terminal domain of PC1.
37468838	fulltext	DISCUSS	hgvs	c.7960A > G	Eventually, these variants c.7866C > A, c.7960A > G, c.7979A > T and c.7987C > T, to varying degrees, prevented the inclusion of exon 21, resulting in an in-frame deletion (codon 2622–2672) in which mutant proteins would lose part of extracellular N-terminal domain of PC1.
37468838	fulltext	DISCUSS	hgvs	c.7979A > T	Eventually, these variants c.7866C > A, c.7960A > G, c.7979A > T and c.7987C > T, to varying degrees, prevented the inclusion of exon 21, resulting in an in-frame deletion (codon 2622–2672) in which mutant proteins would lose part of extracellular N-terminal domain of PC1.
37468838	fulltext	DISCUSS	hgvs	c.7987C > T	Eventually, these variants c.7866C > A, c.7960A > G, c.7979A > T and c.7987C > T, to varying degrees, prevented the inclusion of exon 21, resulting in an in-frame deletion (codon 2622–2672) in which mutant proteins would lose part of extracellular N-terminal domain of PC1.
37468838	fulltext	DISCUSS	hgvs	c.11248C > G	Meanwhile, bioinformatics results indicated that these four variants (c.11248C > G, c.11251C > T, c.11257C > T, and c.11257C > G) in exon 39 also significantly changed the ESE/ESS ratios.
37468838	fulltext	DISCUSS	hgvs	c.11251C > T	Meanwhile, bioinformatics results indicated that these four variants (c.11248C > G, c.11251C > T, c.11257C > T, and c.11257C > G) in exon 39 also significantly changed the ESE/ESS ratios.
37468838	fulltext	DISCUSS	hgvs	c.11257C > T	Meanwhile, bioinformatics results indicated that these four variants (c.11248C > G, c.11251C > T, c.11257C > T, and c.11257C > G) in exon 39 also significantly changed the ESE/ESS ratios.
37468838	fulltext	DISCUSS	hgvs	c.11257C > G	Meanwhile, bioinformatics results indicated that these four variants (c.11248C > G, c.11251C > T, c.11257C > T, and c.11257C > G) in exon 39 also significantly changed the ESE/ESS ratios.
37468838	fulltext	DISCUSS	hgvs	c.11346C > T	However, we discovered that the synonymous variant c.11346C > T could disrupt 5 ESEs and generate 3 ESSs by bioinformatics software.
37468838	fulltext	DISCUSS	hgvs	c.11346C > T	The minigene splicing assay revealed that the synonymous variant c.11346C > T and nonsense variant c.11393C > G resulted in exon 40 skipping of PKD1 with a subsequent frameshift at amino acid 3757 and premature truncation following the addition of 21 amino acid (p.
37468838	fulltext	DISCUSS	hgvs	c.11393C > G	The minigene splicing assay revealed that the synonymous variant c.11346C > T and nonsense variant c.11393C > G resulted in exon 40 skipping of PKD1 with a subsequent frameshift at amino acid 3757 and premature truncation following the addition of 21 amino acid (p.
37468838	fulltext	DISCUSS	hgvs	c.1480G > T	Remarkably, the nonsense variant c.1480G > T (p.
37468838	fulltext	DISCUSS	hgvs	c.1532A > T	In other studies, the missense variant (PKD2): c.1532A > T (p.
37468838	fulltext	DISCUSS	hgvs	c.1480G > T	Asp511Val) was also demonstrated to activate a mysterious donor site inside exon 6, forming an aberrant splicing amplicon identical to the variant c.1480G > T.
37468838	fulltext	DISCUSS	hgvs	c.1532A > T	Peter Koulen and his colleagues have identified that the missense variant c.1532A > T can result in a complete loss of PC2 channel activity.
37468838	fulltext	DISCUSS	hgvs	c.1480G > T	Therefore, these mRNAs generated by variant c.1480G > T can be translated into three truncated proteins (p.
37468838	fulltext	DISCUSS	hgvs	c.1480G > T	Glu494X corresponds to the transcript containing the variant c.1480G > T; p.
37468838	fulltext	DISCUSS	hgvs	c.1480G > T	However, the specific pathogenic mechanism of the variant c.1480G > T is still unclear and further studies are needed to prove it.
37468838	fulltext	DISCUSS	hgvs	c.7866C > T	Moreover, although these variants distributing in PKD1 (c.7866C > T) and PKD2 (c.741C > G, c.796G > T and c.1546G > T) were predicted to affect the recognition strength of splicing site by BDGP or influence surrounding ESEs and ESSs sequences by HSF 3.1, minigenes assays demonstrated that they did not contribute to abnormal exon skipping.
37468838	fulltext	DISCUSS	hgvs	c.741C > G	Moreover, although these variants distributing in PKD1 (c.7866C > T) and PKD2 (c.741C > G, c.796G > T and c.1546G > T) were predicted to affect the recognition strength of splicing site by BDGP or influence surrounding ESEs and ESSs sequences by HSF 3.1, minigenes assays demonstrated that they did not contribute to abnormal exon skipping.
37468838	fulltext	DISCUSS	hgvs	c.796G > T	Moreover, although these variants distributing in PKD1 (c.7866C > T) and PKD2 (c.741C > G, c.796G > T and c.1546G > T) were predicted to affect the recognition strength of splicing site by BDGP or influence surrounding ESEs and ESSs sequences by HSF 3.1, minigenes assays demonstrated that they did not contribute to abnormal exon skipping.
37468838	fulltext	DISCUSS	hgvs	c.1546G > T	Moreover, although these variants distributing in PKD1 (c.7866C > T) and PKD2 (c.741C > G, c.796G > T and c.1546G > T) were predicted to affect the recognition strength of splicing site by BDGP or influence surrounding ESEs and ESSs sequences by HSF 3.1, minigenes assays demonstrated that they did not contribute to abnormal exon skipping.
37468838	fulltext	DISCUSS	hgvs	c.7960A > G	Interestingly, unlike the “benign” or “polymorphism” predicted by the PolyPhen-2 or the MutationTaster, c.7960A > G and c.11257C > G were actually “detrimental” variants.
37468838	fulltext	DISCUSS	hgvs	c.11257C > G	Interestingly, unlike the “benign” or “polymorphism” predicted by the PolyPhen-2 or the MutationTaster, c.7960A > G and c.11257C > G were actually “detrimental” variants.
37468838	fulltext	CONCL	hgvs	c.7866C > A	Eleven variants (c.7866C > A, c.7960A > G, c.7979A > T, c.7987C > T, c.11248C > G, c.11251 C > T, c.11257C > G, c.11257C > T, c.11346C > T, and c.11393C > G distributed in PKD1 and c.1480G > T located in PKD2) that were previously described as missense, synonymous, or nonsense variants in ADPKD patients were confirmed to be pathogenic by affecting pre-mRNA splicing.
37468838	fulltext	CONCL	hgvs	c.7960A > G	Eleven variants (c.7866C > A, c.7960A > G, c.7979A > T, c.7987C > T, c.11248C > G, c.11251 C > T, c.11257C > G, c.11257C > T, c.11346C > T, and c.11393C > G distributed in PKD1 and c.1480G > T located in PKD2) that were previously described as missense, synonymous, or nonsense variants in ADPKD patients were confirmed to be pathogenic by affecting pre-mRNA splicing.
37468838	fulltext	CONCL	hgvs	c.7979A > T	Eleven variants (c.7866C > A, c.7960A > G, c.7979A > T, c.7987C > T, c.11248C > G, c.11251 C > T, c.11257C > G, c.11257C > T, c.11346C > T, and c.11393C > G distributed in PKD1 and c.1480G > T located in PKD2) that were previously described as missense, synonymous, or nonsense variants in ADPKD patients were confirmed to be pathogenic by affecting pre-mRNA splicing.
37468838	fulltext	CONCL	hgvs	c.7987C > T	Eleven variants (c.7866C > A, c.7960A > G, c.7979A > T, c.7987C > T, c.11248C > G, c.11251 C > T, c.11257C > G, c.11257C > T, c.11346C > T, and c.11393C > G distributed in PKD1 and c.1480G > T located in PKD2) that were previously described as missense, synonymous, or nonsense variants in ADPKD patients were confirmed to be pathogenic by affecting pre-mRNA splicing.
37468838	fulltext	CONCL	hgvs	c.11248C > G	Eleven variants (c.7866C > A, c.7960A > G, c.7979A > T, c.7987C > T, c.11248C > G, c.11251 C > T, c.11257C > G, c.11257C > T, c.11346C > T, and c.11393C > G distributed in PKD1 and c.1480G > T located in PKD2) that were previously described as missense, synonymous, or nonsense variants in ADPKD patients were confirmed to be pathogenic by affecting pre-mRNA splicing.
37468838	fulltext	CONCL	hgvs	c.11251 C > T	Eleven variants (c.7866C > A, c.7960A > G, c.7979A > T, c.7987C > T, c.11248C > G, c.11251 C > T, c.11257C > G, c.11257C > T, c.11346C > T, and c.11393C > G distributed in PKD1 and c.1480G > T located in PKD2) that were previously described as missense, synonymous, or nonsense variants in ADPKD patients were confirmed to be pathogenic by affecting pre-mRNA splicing.
37468838	fulltext	CONCL	hgvs	c.11257C > G	Eleven variants (c.7866C > A, c.7960A > G, c.7979A > T, c.7987C > T, c.11248C > G, c.11251 C > T, c.11257C > G, c.11257C > T, c.11346C > T, and c.11393C > G distributed in PKD1 and c.1480G > T located in PKD2) that were previously described as missense, synonymous, or nonsense variants in ADPKD patients were confirmed to be pathogenic by affecting pre-mRNA splicing.
37468838	fulltext	CONCL	hgvs	c.11257C > T	Eleven variants (c.7866C > A, c.7960A > G, c.7979A > T, c.7987C > T, c.11248C > G, c.11251 C > T, c.11257C > G, c.11257C > T, c.11346C > T, and c.11393C > G distributed in PKD1 and c.1480G > T located in PKD2) that were previously described as missense, synonymous, or nonsense variants in ADPKD patients were confirmed to be pathogenic by affecting pre-mRNA splicing.
37468838	fulltext	CONCL	hgvs	c.11346C > T	Eleven variants (c.7866C > A, c.7960A > G, c.7979A > T, c.7987C > T, c.11248C > G, c.11251 C > T, c.11257C > G, c.11257C > T, c.11346C > T, and c.11393C > G distributed in PKD1 and c.1480G > T located in PKD2) that were previously described as missense, synonymous, or nonsense variants in ADPKD patients were confirmed to be pathogenic by affecting pre-mRNA splicing.
37468838	fulltext	CONCL	hgvs	c.11393C > G	Eleven variants (c.7866C > A, c.7960A > G, c.7979A > T, c.7987C > T, c.11248C > G, c.11251 C > T, c.11257C > G, c.11257C > T, c.11346C > T, and c.11393C > G distributed in PKD1 and c.1480G > T located in PKD2) that were previously described as missense, synonymous, or nonsense variants in ADPKD patients were confirmed to be pathogenic by affecting pre-mRNA splicing.
37468838	fulltext	CONCL	hgvs	c.1480G > T	Eleven variants (c.7866C > A, c.7960A > G, c.7979A > T, c.7987C > T, c.11248C > G, c.11251 C > T, c.11257C > G, c.11257C > T, c.11346C > T, and c.11393C > G distributed in PKD1 and c.1480G > T located in PKD2) that were previously described as missense, synonymous, or nonsense variants in ADPKD patients were confirmed to be pathogenic by affecting pre-mRNA splicing.
37468838	fulltext	METHODS	hgvs	c.1	The nomenclature of variants followed the guidelines of the Human Genome Variation Society (http://varnomen.hgvs.org), with c.1 representing the first position of the translation initiation codon.
39169606	fulltext	INTRO	hgvs	c.2020-5A>G	Both individuals had the same heterozygous intronic variant at the acceptor motif, NM_000297.4:c.2020-5A>G, in PKD2.
39169606	fulltext	INTRO	hgvs	c.2020	We predicted the pathogenicity of this variant using SpliceAI and observed a significant change in the acceptor score at position c.2020, decreasing from 0.99 to 0.24 (Delta score: 0.76) (Fig. 2A).
39169606	fulltext	INTRO	hgvs	c.2020-4	In addition, at position c.2020-4, we observed a substantial change in the acceptor score from 0 to 1 (Delta score: 1.00) (Fig. 2A).
39169606	fulltext	INTRO	hgvs	r.2019_2020	Through targeted RNA sequencing, we confirmed that, as predicted using SpliceAI, the acceptor site was shifted by +1 bp (NM_000297.4:r.2019_2020insacag), leading to the eventual induction of PTC (p.(Asn674Thrfs*10)) (Fig. 2D) and likely triggering nonsense-mediated decay (NMD).
39169606	fulltext	REF	hgvs	c.1408+4A>G	Reverse transcription-PCR-based Sanger sequencing-confirmed exon-skipping effect of a novel GEN1 intronic variant (c.1408+4A>G)
39169606	fulltext	FIG	hgvs	c.2020-5A>G	The same heterozygous variant in PKD2 (NM_000297.4:c.2020-5A>G) was found in the proband and son.
39169606	fulltext	FIG	hgvs	c.2020-5A>G	(A) The pathogenicity of NM_000297.4:c.2020-5A>G was predicted using SpliceAI.
39169606	fulltext	FIG	hgvs	r.2019_2020	(D) Targeted RNA sequencing revealed a change in the 299-bp RNA sequence (NM_000297.4:r.2019_2020insacag), which is anticipated to induce a PTC (p.(Asn674Thrfs*10)).
39200828	fulltext	ABSTRACT	hgvs	c.1717-2A>G	Here, we described the peculiar effect of a PKD2 splicing variant, the c.1717-2A>G, identified in an Italian male patient with ADPKD.
39200828	fulltext	ABSTRACT	hgvs	c.1717-2A>G	Results: NGS revealed the presence of the PKD2 c.1717-2A>G variant that lies in the canonical splice site of intron 7.
39200828	fulltext	INTRO	hgvs	c.1717-2A>G	In this study, we described an Italian patient affected by ADPKD carrying a peculiar splicing variant in the PKD2 gene, the c.1717-2A>G identified through a clinical exome sequencing strategy.
39200828	fulltext	RESULTS	hgvs	c.1717-2A>G	NGS identified the heterozygous splicing variant, c.1717-2A>G, in the PKD2 gene.
39200828	fulltext	RESULTS	hgvs	c.1717-2A>G	The PKD2 c.1717-2A>G variant, involving the canonical splice site of intron 7, is a rare alteration not currently annotated in the main reference mutational databases and with an unknown frequency in gnomAD and in other population databases.
39200828	fulltext	RESULTS	hgvs	c.1717-2A>G	In the cited paper, authors identified the PKD2 c.1717-2A>G variant in two ADPKD families in a comprehensive screening study of a large cohort of affected subjects.
39200828	fulltext	DISCUSS	hgvs	c.1717-2A>G	In the molecular evaluation path of a patient affected by ADPKD, we identified the single-base substitution c.1717-2A>G involving the acceptor splice site within intron 7 of the PKD2 gene, causing the simultaneous skipping of the two downstream exons 8 and 9.
39200828	fulltext	DISCUSS	hgvs	c.1717-2A>G	We speculated that the molecular basis of the observed effect of the c.1717-2A>G variant on the PKD2 transcript could follow the splicing model described by Takahara et al..
39200828	fulltext	DISCUSS	hgvs	c.1717-2A>G	In our case, the PKD2 variant c.1717-2A>G involves the 5′ acceptor splice site of intron 7, and we can assume that the order of removal of introns 7-8-9 can explain the dual-exon skipping.
39200828	fulltext	DISCUSS	hgvs	c.1717-2A>G	This would result in the fusion of exons 8 and 9 that is successively skipped as a “single-exon” as an effect of the PKD2 c.1717-2A>G variant.
39200828	fulltext	DISCUSS	hgvs	c.1717-2A>G	However, we cannot rule out the hypothesis that other alternative splicing products, subjected to nonsense-mediated decay, can also be formed as an effect of the c.1717-2A>G mutation.
39200828	fulltext	REF	hgvs	c.671G>A	Single-base substitution at the last nucleotide of exon 6 (c.671G>A), resulting in the skipping of exon 6, and exons 6 and 7 in human succinyl-CoA:3-ketoacid CoA transferase (SCOT) gene
39200828	fulltext	FIG	hgvs	c.1717-2A>G	The two peaks detected in the analysis of the patient’s cDNA indicated the presence of a wild-type transcript and a mutated transcript (lacking exons 8 and 9), as an effect of the PKD2 c.1717-2A>G variant.
39200828	fulltext	TABLE	hgvs	c.595+2T>C	"Region	cDNA Reference Sequence *	Reference	Mutational Database and Annotation	 	IVS1	c.595+2T>C		ClinVar (ID1068903—P)	 	c.595+1G>A		ClinVar (ID1072849—P)	 	c.595+1G>C		ClinVar (ID811939—P)	 	c.596-12_599del		ClinVar (ID2506174—P)	 	c.596-3A>G		N/A	 	c.596-3_596-2insTGS	N/A	LOVD (ID0000886426—LP)	 	c.596-1G>T	N/A	ClinVar (ID586315—P)	 	IVS2	c.709+1G>A		ClinVar (ID92797—P)	 	c.709+1G>T	N/A	ClinVar (ID972824—P)	 	c.710-2A>G		ClinVar (ID1285124—P)	 	c.710-1G>A	N/A	ClinVar (ID1255534—P)	 	EX3	c.843G>A	N/A	ADPKD (LP); ClinVar (ID1255690—VUS)	 	IVS3	c.843+1G>A		ClinVar (ID997217—P)	 	IVS3	c.843+1G>T	N/A	LOVD (ID0000089511—P)	 	IVS3	c.843+2T>C	N/A	ADPKD (P)	 	IVS3	c.843+3A>G	N/A	ADPKD (P)	 	IVS3	c."
39200828	fulltext	TABLE	hgvs	c.595+1G>A	"Region	cDNA Reference Sequence *	Reference	Mutational Database and Annotation	 	IVS1	c.595+2T>C		ClinVar (ID1068903—P)	 	c.595+1G>A		ClinVar (ID1072849—P)	 	c.595+1G>C		ClinVar (ID811939—P)	 	c.596-12_599del		ClinVar (ID2506174—P)	 	c.596-3A>G		N/A	 	c.596-3_596-2insTGS	N/A	LOVD (ID0000886426—LP)	 	c.596-1G>T	N/A	ClinVar (ID586315—P)	 	IVS2	c.709+1G>A		ClinVar (ID92797—P)	 	c.709+1G>T	N/A	ClinVar (ID972824—P)	 	c.710-2A>G		ClinVar (ID1285124—P)	 	c.710-1G>A	N/A	ClinVar (ID1255534—P)	 	EX3	c.843G>A	N/A	ADPKD (LP); ClinVar (ID1255690—VUS)	 	IVS3	c.843+1G>A		ClinVar (ID997217—P)	 	IVS3	c.843+1G>T	N/A	LOVD (ID0000089511—P)	 	IVS3	c.843+2T>C	N/A	ADPKD (P)	 	IVS3	c.843+3A>G	N/A	ADPKD (P)	 	IVS3	c."
39200828	fulltext	TABLE	hgvs	c.595+1G>C	"Region	cDNA Reference Sequence *	Reference	Mutational Database and Annotation	 	IVS1	c.595+2T>C		ClinVar (ID1068903—P)	 	c.595+1G>A		ClinVar (ID1072849—P)	 	c.595+1G>C		ClinVar (ID811939—P)	 	c.596-12_599del		ClinVar (ID2506174—P)	 	c.596-3A>G		N/A	 	c.596-3_596-2insTGS	N/A	LOVD (ID0000886426—LP)	 	c.596-1G>T	N/A	ClinVar (ID586315—P)	 	IVS2	c.709+1G>A		ClinVar (ID92797—P)	 	c.709+1G>T	N/A	ClinVar (ID972824—P)	 	c.710-2A>G		ClinVar (ID1285124—P)	 	c.710-1G>A	N/A	ClinVar (ID1255534—P)	 	EX3	c.843G>A	N/A	ADPKD (LP); ClinVar (ID1255690—VUS)	 	IVS3	c.843+1G>A		ClinVar (ID997217—P)	 	IVS3	c.843+1G>T	N/A	LOVD (ID0000089511—P)	 	IVS3	c.843+2T>C	N/A	ADPKD (P)	 	IVS3	c.843+3A>G	N/A	ADPKD (P)	 	IVS3	c."
39200828	fulltext	TABLE	hgvs	c.596-12_599del	"Region	cDNA Reference Sequence *	Reference	Mutational Database and Annotation	 	IVS1	c.595+2T>C		ClinVar (ID1068903—P)	 	c.595+1G>A		ClinVar (ID1072849—P)	 	c.595+1G>C		ClinVar (ID811939—P)	 	c.596-12_599del		ClinVar (ID2506174—P)	 	c.596-3A>G		N/A	 	c.596-3_596-2insTGS	N/A	LOVD (ID0000886426—LP)	 	c.596-1G>T	N/A	ClinVar (ID586315—P)	 	IVS2	c.709+1G>A		ClinVar (ID92797—P)	 	c.709+1G>T	N/A	ClinVar (ID972824—P)	 	c.710-2A>G		ClinVar (ID1285124—P)	 	c.710-1G>A	N/A	ClinVar (ID1255534—P)	 	EX3	c.843G>A	N/A	ADPKD (LP); ClinVar (ID1255690—VUS)	 	IVS3	c.843+1G>A		ClinVar (ID997217—P)	 	IVS3	c.843+1G>T	N/A	LOVD (ID0000089511—P)	 	IVS3	c.843+2T>C	N/A	ADPKD (P)	 	IVS3	c.843+3A>G	N/A	ADPKD (P)	 	IVS3	c."
39200828	fulltext	TABLE	hgvs	c.596-3A>G	"Region	cDNA Reference Sequence *	Reference	Mutational Database and Annotation	 	IVS1	c.595+2T>C		ClinVar (ID1068903—P)	 	c.595+1G>A		ClinVar (ID1072849—P)	 	c.595+1G>C		ClinVar (ID811939—P)	 	c.596-12_599del		ClinVar (ID2506174—P)	 	c.596-3A>G		N/A	 	c.596-3_596-2insTGS	N/A	LOVD (ID0000886426—LP)	 	c.596-1G>T	N/A	ClinVar (ID586315—P)	 	IVS2	c.709+1G>A		ClinVar (ID92797—P)	 	c.709+1G>T	N/A	ClinVar (ID972824—P)	 	c.710-2A>G		ClinVar (ID1285124—P)	 	c.710-1G>A	N/A	ClinVar (ID1255534—P)	 	EX3	c.843G>A	N/A	ADPKD (LP); ClinVar (ID1255690—VUS)	 	IVS3	c.843+1G>A		ClinVar (ID997217—P)	 	IVS3	c.843+1G>T	N/A	LOVD (ID0000089511—P)	 	IVS3	c.843+2T>C	N/A	ADPKD (P)	 	IVS3	c.843+3A>G	N/A	ADPKD (P)	 	IVS3	c."
39200828	fulltext	TABLE	hgvs	c.596-3_596-2insTG	"Region	cDNA Reference Sequence *	Reference	Mutational Database and Annotation	 	IVS1	c.595+2T>C		ClinVar (ID1068903—P)	 	c.595+1G>A		ClinVar (ID1072849—P)	 	c.595+1G>C		ClinVar (ID811939—P)	 	c.596-12_599del		ClinVar (ID2506174—P)	 	c.596-3A>G		N/A	 	c.596-3_596-2insTGS	N/A	LOVD (ID0000886426—LP)	 	c.596-1G>T	N/A	ClinVar (ID586315—P)	 	IVS2	c.709+1G>A		ClinVar (ID92797—P)	 	c.709+1G>T	N/A	ClinVar (ID972824—P)	 	c.710-2A>G		ClinVar (ID1285124—P)	 	c.710-1G>A	N/A	ClinVar (ID1255534—P)	 	EX3	c.843G>A	N/A	ADPKD (LP); ClinVar (ID1255690—VUS)	 	IVS3	c.843+1G>A		ClinVar (ID997217—P)	 	IVS3	c.843+1G>T	N/A	LOVD (ID0000089511—P)	 	IVS3	c.843+2T>C	N/A	ADPKD (P)	 	IVS3	c.843+3A>G	N/A	ADPKD (P)	 	IVS3	c."
39200828	fulltext	TABLE	hgvs	c.596-1G>T	"Region	cDNA Reference Sequence *	Reference	Mutational Database and Annotation	 	IVS1	c.595+2T>C		ClinVar (ID1068903—P)	 	c.595+1G>A		ClinVar (ID1072849—P)	 	c.595+1G>C		ClinVar (ID811939—P)	 	c.596-12_599del		ClinVar (ID2506174—P)	 	c.596-3A>G		N/A	 	c.596-3_596-2insTGS	N/A	LOVD (ID0000886426—LP)	 	c.596-1G>T	N/A	ClinVar (ID586315—P)	 	IVS2	c.709+1G>A		ClinVar (ID92797—P)	 	c.709+1G>T	N/A	ClinVar (ID972824—P)	 	c.710-2A>G		ClinVar (ID1285124—P)	 	c.710-1G>A	N/A	ClinVar (ID1255534—P)	 	EX3	c.843G>A	N/A	ADPKD (LP); ClinVar (ID1255690—VUS)	 	IVS3	c.843+1G>A		ClinVar (ID997217—P)	 	IVS3	c.843+1G>T	N/A	LOVD (ID0000089511—P)	 	IVS3	c.843+2T>C	N/A	ADPKD (P)	 	IVS3	c.843+3A>G	N/A	ADPKD (P)	 	IVS3	c."
39200828	fulltext	TABLE	hgvs	c.709+1G>A	"Region	cDNA Reference Sequence *	Reference	Mutational Database and Annotation	 	IVS1	c.595+2T>C		ClinVar (ID1068903—P)	 	c.595+1G>A		ClinVar (ID1072849—P)	 	c.595+1G>C		ClinVar (ID811939—P)	 	c.596-12_599del		ClinVar (ID2506174—P)	 	c.596-3A>G		N/A	 	c.596-3_596-2insTGS	N/A	LOVD (ID0000886426—LP)	 	c.596-1G>T	N/A	ClinVar (ID586315—P)	 	IVS2	c.709+1G>A		ClinVar (ID92797—P)	 	c.709+1G>T	N/A	ClinVar (ID972824—P)	 	c.710-2A>G		ClinVar (ID1285124—P)	 	c.710-1G>A	N/A	ClinVar (ID1255534—P)	 	EX3	c.843G>A	N/A	ADPKD (LP); ClinVar (ID1255690—VUS)	 	IVS3	c.843+1G>A		ClinVar (ID997217—P)	 	IVS3	c.843+1G>T	N/A	LOVD (ID0000089511—P)	 	IVS3	c.843+2T>C	N/A	ADPKD (P)	 	IVS3	c.843+3A>G	N/A	ADPKD (P)	 	IVS3	c."
39200828	fulltext	TABLE	hgvs	c.709+1G>T	"Region	cDNA Reference Sequence *	Reference	Mutational Database and Annotation	 	IVS1	c.595+2T>C		ClinVar (ID1068903—P)	 	c.595+1G>A		ClinVar (ID1072849—P)	 	c.595+1G>C		ClinVar (ID811939—P)	 	c.596-12_599del		ClinVar (ID2506174—P)	 	c.596-3A>G		N/A	 	c.596-3_596-2insTGS	N/A	LOVD (ID0000886426—LP)	 	c.596-1G>T	N/A	ClinVar (ID586315—P)	 	IVS2	c.709+1G>A		ClinVar (ID92797—P)	 	c.709+1G>T	N/A	ClinVar (ID972824—P)	 	c.710-2A>G		ClinVar (ID1285124—P)	 	c.710-1G>A	N/A	ClinVar (ID1255534—P)	 	EX3	c.843G>A	N/A	ADPKD (LP); ClinVar (ID1255690—VUS)	 	IVS3	c.843+1G>A		ClinVar (ID997217—P)	 	IVS3	c.843+1G>T	N/A	LOVD (ID0000089511—P)	 	IVS3	c.843+2T>C	N/A	ADPKD (P)	 	IVS3	c.843+3A>G	N/A	ADPKD (P)	 	IVS3	c."
39200828	fulltext	TABLE	hgvs	c.710-2A>G	"Region	cDNA Reference Sequence *	Reference	Mutational Database and Annotation	 	IVS1	c.595+2T>C		ClinVar (ID1068903—P)	 	c.595+1G>A		ClinVar (ID1072849—P)	 	c.595+1G>C		ClinVar (ID811939—P)	 	c.596-12_599del		ClinVar (ID2506174—P)	 	c.596-3A>G		N/A	 	c.596-3_596-2insTGS	N/A	LOVD (ID0000886426—LP)	 	c.596-1G>T	N/A	ClinVar (ID586315—P)	 	IVS2	c.709+1G>A		ClinVar (ID92797—P)	 	c.709+1G>T	N/A	ClinVar (ID972824—P)	 	c.710-2A>G		ClinVar (ID1285124—P)	 	c.710-1G>A	N/A	ClinVar (ID1255534—P)	 	EX3	c.843G>A	N/A	ADPKD (LP); ClinVar (ID1255690—VUS)	 	IVS3	c.843+1G>A		ClinVar (ID997217—P)	 	IVS3	c.843+1G>T	N/A	LOVD (ID0000089511—P)	 	IVS3	c.843+2T>C	N/A	ADPKD (P)	 	IVS3	c.843+3A>G	N/A	ADPKD (P)	 	IVS3	c."
39200828	fulltext	TABLE	hgvs	c.710-1G>A	"Region	cDNA Reference Sequence *	Reference	Mutational Database and Annotation	 	IVS1	c.595+2T>C		ClinVar (ID1068903—P)	 	c.595+1G>A		ClinVar (ID1072849—P)	 	c.595+1G>C		ClinVar (ID811939—P)	 	c.596-12_599del		ClinVar (ID2506174—P)	 	c.596-3A>G		N/A	 	c.596-3_596-2insTGS	N/A	LOVD (ID0000886426—LP)	 	c.596-1G>T	N/A	ClinVar (ID586315—P)	 	IVS2	c.709+1G>A		ClinVar (ID92797—P)	 	c.709+1G>T	N/A	ClinVar (ID972824—P)	 	c.710-2A>G		ClinVar (ID1285124—P)	 	c.710-1G>A	N/A	ClinVar (ID1255534—P)	 	EX3	c.843G>A	N/A	ADPKD (LP); ClinVar (ID1255690—VUS)	 	IVS3	c.843+1G>A		ClinVar (ID997217—P)	 	IVS3	c.843+1G>T	N/A	LOVD (ID0000089511—P)	 	IVS3	c.843+2T>C	N/A	ADPKD (P)	 	IVS3	c.843+3A>G	N/A	ADPKD (P)	 	IVS3	c."
39200828	fulltext	TABLE	hgvs	c.843G>A	"Region	cDNA Reference Sequence *	Reference	Mutational Database and Annotation	 	IVS1	c.595+2T>C		ClinVar (ID1068903—P)	 	c.595+1G>A		ClinVar (ID1072849—P)	 	c.595+1G>C		ClinVar (ID811939—P)	 	c.596-12_599del		ClinVar (ID2506174—P)	 	c.596-3A>G		N/A	 	c.596-3_596-2insTGS	N/A	LOVD (ID0000886426—LP)	 	c.596-1G>T	N/A	ClinVar (ID586315—P)	 	IVS2	c.709+1G>A		ClinVar (ID92797—P)	 	c.709+1G>T	N/A	ClinVar (ID972824—P)	 	c.710-2A>G		ClinVar (ID1285124—P)	 	c.710-1G>A	N/A	ClinVar (ID1255534—P)	 	EX3	c.843G>A	N/A	ADPKD (LP); ClinVar (ID1255690—VUS)	 	IVS3	c.843+1G>A		ClinVar (ID997217—P)	 	IVS3	c.843+1G>T	N/A	LOVD (ID0000089511—P)	 	IVS3	c.843+2T>C	N/A	ADPKD (P)	 	IVS3	c.843+3A>G	N/A	ADPKD (P)	 	IVS3	c."
39200828	fulltext	TABLE	hgvs	c.843+1G>A	"Region	cDNA Reference Sequence *	Reference	Mutational Database and Annotation	 	IVS1	c.595+2T>C		ClinVar (ID1068903—P)	 	c.595+1G>A		ClinVar (ID1072849—P)	 	c.595+1G>C		ClinVar (ID811939—P)	 	c.596-12_599del		ClinVar (ID2506174—P)	 	c.596-3A>G		N/A	 	c.596-3_596-2insTGS	N/A	LOVD (ID0000886426—LP)	 	c.596-1G>T	N/A	ClinVar (ID586315—P)	 	IVS2	c.709+1G>A		ClinVar (ID92797—P)	 	c.709+1G>T	N/A	ClinVar (ID972824—P)	 	c.710-2A>G		ClinVar (ID1285124—P)	 	c.710-1G>A	N/A	ClinVar (ID1255534—P)	 	EX3	c.843G>A	N/A	ADPKD (LP); ClinVar (ID1255690—VUS)	 	IVS3	c.843+1G>A		ClinVar (ID997217—P)	 	IVS3	c.843+1G>T	N/A	LOVD (ID0000089511—P)	 	IVS3	c.843+2T>C	N/A	ADPKD (P)	 	IVS3	c.843+3A>G	N/A	ADPKD (P)	 	IVS3	c."
39200828	fulltext	TABLE	hgvs	c.843+1G>T	"Region	cDNA Reference Sequence *	Reference	Mutational Database and Annotation	 	IVS1	c.595+2T>C		ClinVar (ID1068903—P)	 	c.595+1G>A		ClinVar (ID1072849—P)	 	c.595+1G>C		ClinVar (ID811939—P)	 	c.596-12_599del		ClinVar (ID2506174—P)	 	c.596-3A>G		N/A	 	c.596-3_596-2insTGS	N/A	LOVD (ID0000886426—LP)	 	c.596-1G>T	N/A	ClinVar (ID586315—P)	 	IVS2	c.709+1G>A		ClinVar (ID92797—P)	 	c.709+1G>T	N/A	ClinVar (ID972824—P)	 	c.710-2A>G		ClinVar (ID1285124—P)	 	c.710-1G>A	N/A	ClinVar (ID1255534—P)	 	EX3	c.843G>A	N/A	ADPKD (LP); ClinVar (ID1255690—VUS)	 	IVS3	c.843+1G>A		ClinVar (ID997217—P)	 	IVS3	c.843+1G>T	N/A	LOVD (ID0000089511—P)	 	IVS3	c.843+2T>C	N/A	ADPKD (P)	 	IVS3	c.843+3A>G	N/A	ADPKD (P)	 	IVS3	c."
39200828	fulltext	TABLE	hgvs	c.843+2T>C	"Region	cDNA Reference Sequence *	Reference	Mutational Database and Annotation	 	IVS1	c.595+2T>C		ClinVar (ID1068903—P)	 	c.595+1G>A		ClinVar (ID1072849—P)	 	c.595+1G>C		ClinVar (ID811939—P)	 	c.596-12_599del		ClinVar (ID2506174—P)	 	c.596-3A>G		N/A	 	c.596-3_596-2insTGS	N/A	LOVD (ID0000886426—LP)	 	c.596-1G>T	N/A	ClinVar (ID586315—P)	 	IVS2	c.709+1G>A		ClinVar (ID92797—P)	 	c.709+1G>T	N/A	ClinVar (ID972824—P)	 	c.710-2A>G		ClinVar (ID1285124—P)	 	c.710-1G>A	N/A	ClinVar (ID1255534—P)	 	EX3	c.843G>A	N/A	ADPKD (LP); ClinVar (ID1255690—VUS)	 	IVS3	c.843+1G>A		ClinVar (ID997217—P)	 	IVS3	c.843+1G>T	N/A	LOVD (ID0000089511—P)	 	IVS3	c.843+2T>C	N/A	ADPKD (P)	 	IVS3	c.843+3A>G	N/A	ADPKD (P)	 	IVS3	c."
39200828	fulltext	TABLE	hgvs	c.843+3A>G	"Region	cDNA Reference Sequence *	Reference	Mutational Database and Annotation	 	IVS1	c.595+2T>C		ClinVar (ID1068903—P)	 	c.595+1G>A		ClinVar (ID1072849—P)	 	c.595+1G>C		ClinVar (ID811939—P)	 	c.596-12_599del		ClinVar (ID2506174—P)	 	c.596-3A>G		N/A	 	c.596-3_596-2insTGS	N/A	LOVD (ID0000886426—LP)	 	c.596-1G>T	N/A	ClinVar (ID586315—P)	 	IVS2	c.709+1G>A		ClinVar (ID92797—P)	 	c.709+1G>T	N/A	ClinVar (ID972824—P)	 	c.710-2A>G		ClinVar (ID1285124—P)	 	c.710-1G>A	N/A	ClinVar (ID1255534—P)	 	EX3	c.843G>A	N/A	ADPKD (LP); ClinVar (ID1255690—VUS)	 	IVS3	c.843+1G>A		ClinVar (ID997217—P)	 	IVS3	c.843+1G>T	N/A	LOVD (ID0000089511—P)	 	IVS3	c.843+2T>C	N/A	ADPKD (P)	 	IVS3	c.843+3A>G	N/A	ADPKD (P)	 	IVS3	c."
39200828	fulltext	TABLE	hgvs	c.844-2A>G	"Region	cDNA Reference Sequence *	Reference	Mutational Database and Annotation	 	IVS1	c.595+2T>C		ClinVar (ID1068903—P)	 	c.595+1G>A		ClinVar (ID1072849—P)	 	c.595+1G>C		ClinVar (ID811939—P)	 	c.596-12_599del		ClinVar (ID2506174—P)	 	c.596-3A>G		N/A	 	c.596-3_596-2insTGS	N/A	LOVD (ID0000886426—LP)	 	c.596-1G>T	N/A	ClinVar (ID586315—P)	 	IVS2	c.709+1G>A		ClinVar (ID92797—P)	 	c.709+1G>T	N/A	ClinVar (ID972824—P)	 	c.710-2A>G		ClinVar (ID1285124—P)	 	c.710-1G>A	N/A	ClinVar (ID1255534—P)	 	EX3	c.843G>A	N/A	ADPKD (LP); ClinVar (ID1255690—VUS)	 	IVS3	c.843+1G>A		ClinVar (ID997217—P)	 	IVS3	c.843+1G>T	N/A	LOVD (ID0000089511—P)	 	IVS3	c.843+2T>C	N/A	ADPKD (P)	 	IVS3	c.843+3A>G	N/A	ADPKD (P)	 	IVS3	c."
39200828	fulltext	TABLE	hgvs	c.1094+1del	"Region	cDNA Reference Sequence *	Reference	Mutational Database and Annotation	 	IVS1	c.595+2T>C		ClinVar (ID1068903—P)	 	c.595+1G>A		ClinVar (ID1072849—P)	 	c.595+1G>C		ClinVar (ID811939—P)	 	c.596-12_599del		ClinVar (ID2506174—P)	 	c.596-3A>G		N/A	 	c.596-3_596-2insTGS	N/A	LOVD (ID0000886426—LP)	 	c.596-1G>T	N/A	ClinVar (ID586315—P)	 	IVS2	c.709+1G>A		ClinVar (ID92797—P)	 	c.709+1G>T	N/A	ClinVar (ID972824—P)	 	c.710-2A>G		ClinVar (ID1285124—P)	 	c.710-1G>A	N/A	ClinVar (ID1255534—P)	 	EX3	c.843G>A	N/A	ADPKD (LP); ClinVar (ID1255690—VUS)	 	IVS3	c.843+1G>A		ClinVar (ID997217—P)	 	IVS3	c.843+1G>T	N/A	LOVD (ID0000089511—P)	 	IVS3	c.843+2T>C	N/A	ADPKD (P)	 	IVS3	c.843+3A>G	N/A	ADPKD (P)	 	IVS3	c."
39200828	fulltext	TABLE	hgvs	c.1094+1G>A	"Region	cDNA Reference Sequence *	Reference	Mutational Database and Annotation	 	IVS1	c.595+2T>C		ClinVar (ID1068903—P)	 	c.595+1G>A		ClinVar (ID1072849—P)	 	c.595+1G>C		ClinVar (ID811939—P)	 	c.596-12_599del		ClinVar (ID2506174—P)	 	c.596-3A>G		N/A	 	c.596-3_596-2insTGS	N/A	LOVD (ID0000886426—LP)	 	c.596-1G>T	N/A	ClinVar (ID586315—P)	 	IVS2	c.709+1G>A		ClinVar (ID92797—P)	 	c.709+1G>T	N/A	ClinVar (ID972824—P)	 	c.710-2A>G		ClinVar (ID1285124—P)	 	c.710-1G>A	N/A	ClinVar (ID1255534—P)	 	EX3	c.843G>A	N/A	ADPKD (LP); ClinVar (ID1255690—VUS)	 	IVS3	c.843+1G>A		ClinVar (ID997217—P)	 	IVS3	c.843+1G>T	N/A	LOVD (ID0000089511—P)	 	IVS3	c.843+2T>C	N/A	ADPKD (P)	 	IVS3	c.843+3A>G	N/A	ADPKD (P)	 	IVS3	c."
39200828	fulltext	TABLE	hgvs	c.1094+1G>C	"Region	cDNA Reference Sequence *	Reference	Mutational Database and Annotation	 	IVS1	c.595+2T>C		ClinVar (ID1068903—P)	 	c.595+1G>A		ClinVar (ID1072849—P)	 	c.595+1G>C		ClinVar (ID811939—P)	 	c.596-12_599del		ClinVar (ID2506174—P)	 	c.596-3A>G		N/A	 	c.596-3_596-2insTGS	N/A	LOVD (ID0000886426—LP)	 	c.596-1G>T	N/A	ClinVar (ID586315—P)	 	IVS2	c.709+1G>A		ClinVar (ID92797—P)	 	c.709+1G>T	N/A	ClinVar (ID972824—P)	 	c.710-2A>G		ClinVar (ID1285124—P)	 	c.710-1G>A	N/A	ClinVar (ID1255534—P)	 	EX3	c.843G>A	N/A	ADPKD (LP); ClinVar (ID1255690—VUS)	 	IVS3	c.843+1G>A		ClinVar (ID997217—P)	 	IVS3	c.843+1G>T	N/A	LOVD (ID0000089511—P)	 	IVS3	c.843+2T>C	N/A	ADPKD (P)	 	IVS3	c.843+3A>G	N/A	ADPKD (P)	 	IVS3	c."
39200828	fulltext	TABLE	hgvs	c.1094+2T>G	"Region	cDNA Reference Sequence *	Reference	Mutational Database and Annotation	 	IVS1	c.595+2T>C		ClinVar (ID1068903—P)	 	c.595+1G>A		ClinVar (ID1072849—P)	 	c.595+1G>C		ClinVar (ID811939—P)	 	c.596-12_599del		ClinVar (ID2506174—P)	 	c.596-3A>G		N/A	 	c.596-3_596-2insTGS	N/A	LOVD (ID0000886426—LP)	 	c.596-1G>T	N/A	ClinVar (ID586315—P)	 	IVS2	c.709+1G>A		ClinVar (ID92797—P)	 	c.709+1G>T	N/A	ClinVar (ID972824—P)	 	c.710-2A>G		ClinVar (ID1285124—P)	 	c.710-1G>A	N/A	ClinVar (ID1255534—P)	 	EX3	c.843G>A	N/A	ADPKD (LP); ClinVar (ID1255690—VUS)	 	IVS3	c.843+1G>A		ClinVar (ID997217—P)	 	IVS3	c.843+1G>T	N/A	LOVD (ID0000089511—P)	 	IVS3	c.843+2T>C	N/A	ADPKD (P)	 	IVS3	c.843+3A>G	N/A	ADPKD (P)	 	IVS3	c."
39200828	fulltext	TABLE	hgvs	c.1094+3	"Region	cDNA Reference Sequence *	Reference	Mutational Database and Annotation	 	IVS1	c.595+2T>C		ClinVar (ID1068903—P)	 	c.595+1G>A		ClinVar (ID1072849—P)	 	c.595+1G>C		ClinVar (ID811939—P)	 	c.596-12_599del		ClinVar (ID2506174—P)	 	c.596-3A>G		N/A	 	c.596-3_596-2insTGS	N/A	LOVD (ID0000886426—LP)	 	c.596-1G>T	N/A	ClinVar (ID586315—P)	 	IVS2	c.709+1G>A		ClinVar (ID92797—P)	 	c.709+1G>T	N/A	ClinVar (ID972824—P)	 	c.710-2A>G		ClinVar (ID1285124—P)	 	c.710-1G>A	N/A	ClinVar (ID1255534—P)	 	EX3	c.843G>A	N/A	ADPKD (LP); ClinVar (ID1255690—VUS)	 	IVS3	c.843+1G>A		ClinVar (ID997217—P)	 	IVS3	c.843+1G>T	N/A	LOVD (ID0000089511—P)	 	IVS3	c.843+2T>C	N/A	ADPKD (P)	 	IVS3	c.843+3A>G	N/A	ADPKD (P)	 	IVS3	c."
39200828	fulltext	TABLE	hgvs	c.1095-2A>G	"Region	cDNA Reference Sequence *	Reference	Mutational Database and Annotation	 	IVS1	c.595+2T>C		ClinVar (ID1068903—P)	 	c.595+1G>A		ClinVar (ID1072849—P)	 	c.595+1G>C		ClinVar (ID811939—P)	 	c.596-12_599del		ClinVar (ID2506174—P)	 	c.596-3A>G		N/A	 	c.596-3_596-2insTGS	N/A	LOVD (ID0000886426—LP)	 	c.596-1G>T	N/A	ClinVar (ID586315—P)	 	IVS2	c.709+1G>A		ClinVar (ID92797—P)	 	c.709+1G>T	N/A	ClinVar (ID972824—P)	 	c.710-2A>G		ClinVar (ID1285124—P)	 	c.710-1G>A	N/A	ClinVar (ID1255534—P)	 	EX3	c.843G>A	N/A	ADPKD (LP); ClinVar (ID1255690—VUS)	 	IVS3	c.843+1G>A		ClinVar (ID997217—P)	 	IVS3	c.843+1G>T	N/A	LOVD (ID0000089511—P)	 	IVS3	c.843+2T>C	N/A	ADPKD (P)	 	IVS3	c.843+3A>G	N/A	ADPKD (P)	 	IVS3	c."
39200828	fulltext	TABLE	hgvs	c.1095-1G>T	"Region	cDNA Reference Sequence *	Reference	Mutational Database and Annotation	 	IVS1	c.595+2T>C		ClinVar (ID1068903—P)	 	c.595+1G>A		ClinVar (ID1072849—P)	 	c.595+1G>C		ClinVar (ID811939—P)	 	c.596-12_599del		ClinVar (ID2506174—P)	 	c.596-3A>G		N/A	 	c.596-3_596-2insTGS	N/A	LOVD (ID0000886426—LP)	 	c.596-1G>T	N/A	ClinVar (ID586315—P)	 	IVS2	c.709+1G>A		ClinVar (ID92797—P)	 	c.709+1G>T	N/A	ClinVar (ID972824—P)	 	c.710-2A>G		ClinVar (ID1285124—P)	 	c.710-1G>A	N/A	ClinVar (ID1255534—P)	 	EX3	c.843G>A	N/A	ADPKD (LP); ClinVar (ID1255690—VUS)	 	IVS3	c.843+1G>A		ClinVar (ID997217—P)	 	IVS3	c.843+1G>T	N/A	LOVD (ID0000089511—P)	 	IVS3	c.843+2T>C	N/A	ADPKD (P)	 	IVS3	c.843+3A>G	N/A	ADPKD (P)	 	IVS3	c."
39200828	fulltext	TABLE	hgvs	c.1095-5A>G	"Region	cDNA Reference Sequence *	Reference	Mutational Database and Annotation	 	IVS1	c.595+2T>C		ClinVar (ID1068903—P)	 	c.595+1G>A		ClinVar (ID1072849—P)	 	c.595+1G>C		ClinVar (ID811939—P)	 	c.596-12_599del		ClinVar (ID2506174—P)	 	c.596-3A>G		N/A	 	c.596-3_596-2insTGS	N/A	LOVD (ID0000886426—LP)	 	c.596-1G>T	N/A	ClinVar (ID586315—P)	 	IVS2	c.709+1G>A		ClinVar (ID92797—P)	 	c.709+1G>T	N/A	ClinVar (ID972824—P)	 	c.710-2A>G		ClinVar (ID1285124—P)	 	c.710-1G>A	N/A	ClinVar (ID1255534—P)	 	EX3	c.843G>A	N/A	ADPKD (LP); ClinVar (ID1255690—VUS)	 	IVS3	c.843+1G>A		ClinVar (ID997217—P)	 	IVS3	c.843+1G>T	N/A	LOVD (ID0000089511—P)	 	IVS3	c.843+2T>C	N/A	ADPKD (P)	 	IVS3	c.843+3A>G	N/A	ADPKD (P)	 	IVS3	c."
39200828	fulltext	TABLE	hgvs	c.1319+1G>A	"Region	cDNA Reference Sequence *	Reference	Mutational Database and Annotation	 	IVS1	c.595+2T>C		ClinVar (ID1068903—P)	 	c.595+1G>A		ClinVar (ID1072849—P)	 	c.595+1G>C		ClinVar (ID811939—P)	 	c.596-12_599del		ClinVar (ID2506174—P)	 	c.596-3A>G		N/A	 	c.596-3_596-2insTGS	N/A	LOVD (ID0000886426—LP)	 	c.596-1G>T	N/A	ClinVar (ID586315—P)	 	IVS2	c.709+1G>A		ClinVar (ID92797—P)	 	c.709+1G>T	N/A	ClinVar (ID972824—P)	 	c.710-2A>G		ClinVar (ID1285124—P)	 	c.710-1G>A	N/A	ClinVar (ID1255534—P)	 	EX3	c.843G>A	N/A	ADPKD (LP); ClinVar (ID1255690—VUS)	 	IVS3	c.843+1G>A		ClinVar (ID997217—P)	 	IVS3	c.843+1G>T	N/A	LOVD (ID0000089511—P)	 	IVS3	c.843+2T>C	N/A	ADPKD (P)	 	IVS3	c.843+3A>G	N/A	ADPKD (P)	 	IVS3	c."
39200828	fulltext	TABLE	hgvs	c.1319+1G>T	"Region	cDNA Reference Sequence *	Reference	Mutational Database and Annotation	 	IVS1	c.595+2T>C		ClinVar (ID1068903—P)	 	c.595+1G>A		ClinVar (ID1072849—P)	 	c.595+1G>C		ClinVar (ID811939—P)	 	c.596-12_599del		ClinVar (ID2506174—P)	 	c.596-3A>G		N/A	 	c.596-3_596-2insTGS	N/A	LOVD (ID0000886426—LP)	 	c.596-1G>T	N/A	ClinVar (ID586315—P)	 	IVS2	c.709+1G>A		ClinVar (ID92797—P)	 	c.709+1G>T	N/A	ClinVar (ID972824—P)	 	c.710-2A>G		ClinVar (ID1285124—P)	 	c.710-1G>A	N/A	ClinVar (ID1255534—P)	 	EX3	c.843G>A	N/A	ADPKD (LP); ClinVar (ID1255690—VUS)	 	IVS3	c.843+1G>A		ClinVar (ID997217—P)	 	IVS3	c.843+1G>T	N/A	LOVD (ID0000089511—P)	 	IVS3	c.843+2T>C	N/A	ADPKD (P)	 	IVS3	c.843+3A>G	N/A	ADPKD (P)	 	IVS3	c."
39200828	fulltext	TABLE	hgvs	c.1320-2del	"Region	cDNA Reference Sequence *	Reference	Mutational Database and Annotation	 	IVS1	c.595+2T>C		ClinVar (ID1068903—P)	 	c.595+1G>A		ClinVar (ID1072849—P)	 	c.595+1G>C		ClinVar (ID811939—P)	 	c.596-12_599del		ClinVar (ID2506174—P)	 	c.596-3A>G		N/A	 	c.596-3_596-2insTGS	N/A	LOVD (ID0000886426—LP)	 	c.596-1G>T	N/A	ClinVar (ID586315—P)	 	IVS2	c.709+1G>A		ClinVar (ID92797—P)	 	c.709+1G>T	N/A	ClinVar (ID972824—P)	 	c.710-2A>G		ClinVar (ID1285124—P)	 	c.710-1G>A	N/A	ClinVar (ID1255534—P)	 	EX3	c.843G>A	N/A	ADPKD (LP); ClinVar (ID1255690—VUS)	 	IVS3	c.843+1G>A		ClinVar (ID997217—P)	 	IVS3	c.843+1G>T	N/A	LOVD (ID0000089511—P)	 	IVS3	c.843+2T>C	N/A	ADPKD (P)	 	IVS3	c.843+3A>G	N/A	ADPKD (P)	 	IVS3	c."
39200828	fulltext	TABLE	hgvs	c.1320-1G>A	"Region	cDNA Reference Sequence *	Reference	Mutational Database and Annotation	 	IVS1	c.595+2T>C		ClinVar (ID1068903—P)	 	c.595+1G>A		ClinVar (ID1072849—P)	 	c.595+1G>C		ClinVar (ID811939—P)	 	c.596-12_599del		ClinVar (ID2506174—P)	 	c.596-3A>G		N/A	 	c.596-3_596-2insTGS	N/A	LOVD (ID0000886426—LP)	 	c.596-1G>T	N/A	ClinVar (ID586315—P)	 	IVS2	c.709+1G>A		ClinVar (ID92797—P)	 	c.709+1G>T	N/A	ClinVar (ID972824—P)	 	c.710-2A>G		ClinVar (ID1285124—P)	 	c.710-1G>A	N/A	ClinVar (ID1255534—P)	 	EX3	c.843G>A	N/A	ADPKD (LP); ClinVar (ID1255690—VUS)	 	IVS3	c.843+1G>A		ClinVar (ID997217—P)	 	IVS3	c.843+1G>T	N/A	LOVD (ID0000089511—P)	 	IVS3	c.843+2T>C	N/A	ADPKD (P)	 	IVS3	c.843+3A>G	N/A	ADPKD (P)	 	IVS3	c."
39200828	fulltext	TABLE	hgvs	c.1480G>T	"Region	cDNA Reference Sequence *	Reference	Mutational Database and Annotation	 	IVS1	c.595+2T>C		ClinVar (ID1068903—P)	 	c.595+1G>A		ClinVar (ID1072849—P)	 	c.595+1G>C		ClinVar (ID811939—P)	 	c.596-12_599del		ClinVar (ID2506174—P)	 	c.596-3A>G		N/A	 	c.596-3_596-2insTGS	N/A	LOVD (ID0000886426—LP)	 	c.596-1G>T	N/A	ClinVar (ID586315—P)	 	IVS2	c.709+1G>A		ClinVar (ID92797—P)	 	c.709+1G>T	N/A	ClinVar (ID972824—P)	 	c.710-2A>G		ClinVar (ID1285124—P)	 	c.710-1G>A	N/A	ClinVar (ID1255534—P)	 	EX3	c.843G>A	N/A	ADPKD (LP); ClinVar (ID1255690—VUS)	 	IVS3	c.843+1G>A		ClinVar (ID997217—P)	 	IVS3	c.843+1G>T	N/A	LOVD (ID0000089511—P)	 	IVS3	c.843+2T>C	N/A	ADPKD (P)	 	IVS3	c.843+3A>G	N/A	ADPKD (P)	 	IVS3	c."
39200828	fulltext	TABLE	hgvs	c.1548+1G>A	"Region	cDNA Reference Sequence *	Reference	Mutational Database and Annotation	 	IVS1	c.595+2T>C		ClinVar (ID1068903—P)	 	c.595+1G>A		ClinVar (ID1072849—P)	 	c.595+1G>C		ClinVar (ID811939—P)	 	c.596-12_599del		ClinVar (ID2506174—P)	 	c.596-3A>G		N/A	 	c.596-3_596-2insTGS	N/A	LOVD (ID0000886426—LP)	 	c.596-1G>T	N/A	ClinVar (ID586315—P)	 	IVS2	c.709+1G>A		ClinVar (ID92797—P)	 	c.709+1G>T	N/A	ClinVar (ID972824—P)	 	c.710-2A>G		ClinVar (ID1285124—P)	 	c.710-1G>A	N/A	ClinVar (ID1255534—P)	 	EX3	c.843G>A	N/A	ADPKD (LP); ClinVar (ID1255690—VUS)	 	IVS3	c.843+1G>A		ClinVar (ID997217—P)	 	IVS3	c.843+1G>T	N/A	LOVD (ID0000089511—P)	 	IVS3	c.843+2T>C	N/A	ADPKD (P)	 	IVS3	c.843+3A>G	N/A	ADPKD (P)	 	IVS3	c."
39200828	fulltext	TABLE	hgvs	c.1549-1G>A	"Region	cDNA Reference Sequence *	Reference	Mutational Database and Annotation	 	IVS1	c.595+2T>C		ClinVar (ID1068903—P)	 	c.595+1G>A		ClinVar (ID1072849—P)	 	c.595+1G>C		ClinVar (ID811939—P)	 	c.596-12_599del		ClinVar (ID2506174—P)	 	c.596-3A>G		N/A	 	c.596-3_596-2insTGS	N/A	LOVD (ID0000886426—LP)	 	c.596-1G>T	N/A	ClinVar (ID586315—P)	 	IVS2	c.709+1G>A		ClinVar (ID92797—P)	 	c.709+1G>T	N/A	ClinVar (ID972824—P)	 	c.710-2A>G		ClinVar (ID1285124—P)	 	c.710-1G>A	N/A	ClinVar (ID1255534—P)	 	EX3	c.843G>A	N/A	ADPKD (LP); ClinVar (ID1255690—VUS)	 	IVS3	c.843+1G>A		ClinVar (ID997217—P)	 	IVS3	c.843+1G>T	N/A	LOVD (ID0000089511—P)	 	IVS3	c.843+2T>C	N/A	ADPKD (P)	 	IVS3	c.843+3A>G	N/A	ADPKD (P)	 	IVS3	c."
39200828	fulltext	TABLE	hgvs	c.1716G>A	"Region	cDNA Reference Sequence *	Reference	Mutational Database and Annotation	 	IVS1	c.595+2T>C		ClinVar (ID1068903—P)	 	c.595+1G>A		ClinVar (ID1072849—P)	 	c.595+1G>C		ClinVar (ID811939—P)	 	c.596-12_599del		ClinVar (ID2506174—P)	 	c.596-3A>G		N/A	 	c.596-3_596-2insTGS	N/A	LOVD (ID0000886426—LP)	 	c.596-1G>T	N/A	ClinVar (ID586315—P)	 	IVS2	c.709+1G>A		ClinVar (ID92797—P)	 	c.709+1G>T	N/A	ClinVar (ID972824—P)	 	c.710-2A>G		ClinVar (ID1285124—P)	 	c.710-1G>A	N/A	ClinVar (ID1255534—P)	 	EX3	c.843G>A	N/A	ADPKD (LP); ClinVar (ID1255690—VUS)	 	IVS3	c.843+1G>A		ClinVar (ID997217—P)	 	IVS3	c.843+1G>T	N/A	LOVD (ID0000089511—P)	 	IVS3	c.843+2T>C	N/A	ADPKD (P)	 	IVS3	c.843+3A>G	N/A	ADPKD (P)	 	IVS3	c."
39200828	fulltext	TABLE	hgvs	c.1716+1T>A	"Region	cDNA Reference Sequence *	Reference	Mutational Database and Annotation	 	IVS1	c.595+2T>C		ClinVar (ID1068903—P)	 	c.595+1G>A		ClinVar (ID1072849—P)	 	c.595+1G>C		ClinVar (ID811939—P)	 	c.596-12_599del		ClinVar (ID2506174—P)	 	c.596-3A>G		N/A	 	c.596-3_596-2insTGS	N/A	LOVD (ID0000886426—LP)	 	c.596-1G>T	N/A	ClinVar (ID586315—P)	 	IVS2	c.709+1G>A		ClinVar (ID92797—P)	 	c.709+1G>T	N/A	ClinVar (ID972824—P)	 	c.710-2A>G		ClinVar (ID1285124—P)	 	c.710-1G>A	N/A	ClinVar (ID1255534—P)	 	EX3	c.843G>A	N/A	ADPKD (LP); ClinVar (ID1255690—VUS)	 	IVS3	c.843+1G>A		ClinVar (ID997217—P)	 	IVS3	c.843+1G>T	N/A	LOVD (ID0000089511—P)	 	IVS3	c.843+2T>C	N/A	ADPKD (P)	 	IVS3	c.843+3A>G	N/A	ADPKD (P)	 	IVS3	c."
39200828	fulltext	TABLE	hgvs	c.1716+2T>A	"Region	cDNA Reference Sequence *	Reference	Mutational Database and Annotation	 	IVS1	c.595+2T>C		ClinVar (ID1068903—P)	 	c.595+1G>A		ClinVar (ID1072849—P)	 	c.595+1G>C		ClinVar (ID811939—P)	 	c.596-12_599del		ClinVar (ID2506174—P)	 	c.596-3A>G		N/A	 	c.596-3_596-2insTGS	N/A	LOVD (ID0000886426—LP)	 	c.596-1G>T	N/A	ClinVar (ID586315—P)	 	IVS2	c.709+1G>A		ClinVar (ID92797—P)	 	c.709+1G>T	N/A	ClinVar (ID972824—P)	 	c.710-2A>G		ClinVar (ID1285124—P)	 	c.710-1G>A	N/A	ClinVar (ID1255534—P)	 	EX3	c.843G>A	N/A	ADPKD (LP); ClinVar (ID1255690—VUS)	 	IVS3	c.843+1G>A		ClinVar (ID997217—P)	 	IVS3	c.843+1G>T	N/A	LOVD (ID0000089511—P)	 	IVS3	c.843+2T>C	N/A	ADPKD (P)	 	IVS3	c.843+3A>G	N/A	ADPKD (P)	 	IVS3	c."
39200828	fulltext	TABLE	hgvs	c.1717-3C>G	"Region	cDNA Reference Sequence *	Reference	Mutational Database and Annotation	 	IVS1	c.595+2T>C		ClinVar (ID1068903—P)	 	c.595+1G>A		ClinVar (ID1072849—P)	 	c.595+1G>C		ClinVar (ID811939—P)	 	c.596-12_599del		ClinVar (ID2506174—P)	 	c.596-3A>G		N/A	 	c.596-3_596-2insTGS	N/A	LOVD (ID0000886426—LP)	 	c.596-1G>T	N/A	ClinVar (ID586315—P)	 	IVS2	c.709+1G>A		ClinVar (ID92797—P)	 	c.709+1G>T	N/A	ClinVar (ID972824—P)	 	c.710-2A>G		ClinVar (ID1285124—P)	 	c.710-1G>A	N/A	ClinVar (ID1255534—P)	 	EX3	c.843G>A	N/A	ADPKD (LP); ClinVar (ID1255690—VUS)	 	IVS3	c.843+1G>A		ClinVar (ID997217—P)	 	IVS3	c.843+1G>T	N/A	LOVD (ID0000089511—P)	 	IVS3	c.843+2T>C	N/A	ADPKD (P)	 	IVS3	c.843+3A>G	N/A	ADPKD (P)	 	IVS3	c."
39200828	fulltext	TABLE	hgvs	c.1717-2A>G	"Region	cDNA Reference Sequence *	Reference	Mutational Database and Annotation	 	IVS1	c.595+2T>C		ClinVar (ID1068903—P)	 	c.595+1G>A		ClinVar (ID1072849—P)	 	c.595+1G>C		ClinVar (ID811939—P)	 	c.596-12_599del		ClinVar (ID2506174—P)	 	c.596-3A>G		N/A	 	c.596-3_596-2insTGS	N/A	LOVD (ID0000886426—LP)	 	c.596-1G>T	N/A	ClinVar (ID586315—P)	 	IVS2	c.709+1G>A		ClinVar (ID92797—P)	 	c.709+1G>T	N/A	ClinVar (ID972824—P)	 	c.710-2A>G		ClinVar (ID1285124—P)	 	c.710-1G>A	N/A	ClinVar (ID1255534—P)	 	EX3	c.843G>A	N/A	ADPKD (LP); ClinVar (ID1255690—VUS)	 	IVS3	c.843+1G>A		ClinVar (ID997217—P)	 	IVS3	c.843+1G>T	N/A	LOVD (ID0000089511—P)	 	IVS3	c.843+2T>C	N/A	ADPKD (P)	 	IVS3	c.843+3A>G	N/A	ADPKD (P)	 	IVS3	c."
39200828	fulltext	TABLE	hgvs	c.1717-1G>A	"Region	cDNA Reference Sequence *	Reference	Mutational Database and Annotation	 	IVS1	c.595+2T>C		ClinVar (ID1068903—P)	 	c.595+1G>A		ClinVar (ID1072849—P)	 	c.595+1G>C		ClinVar (ID811939—P)	 	c.596-12_599del		ClinVar (ID2506174—P)	 	c.596-3A>G		N/A	 	c.596-3_596-2insTGS	N/A	LOVD (ID0000886426—LP)	 	c.596-1G>T	N/A	ClinVar (ID586315—P)	 	IVS2	c.709+1G>A		ClinVar (ID92797—P)	 	c.709+1G>T	N/A	ClinVar (ID972824—P)	 	c.710-2A>G		ClinVar (ID1285124—P)	 	c.710-1G>A	N/A	ClinVar (ID1255534—P)	 	EX3	c.843G>A	N/A	ADPKD (LP); ClinVar (ID1255690—VUS)	 	IVS3	c.843+1G>A		ClinVar (ID997217—P)	 	IVS3	c.843+1G>T	N/A	LOVD (ID0000089511—P)	 	IVS3	c.843+2T>C	N/A	ADPKD (P)	 	IVS3	c.843+3A>G	N/A	ADPKD (P)	 	IVS3	c."
39200828	fulltext	TABLE	hgvs	c.1898+5G>A	"Region	cDNA Reference Sequence *	Reference	Mutational Database and Annotation	 	IVS1	c.595+2T>C		ClinVar (ID1068903—P)	 	c.595+1G>A		ClinVar (ID1072849—P)	 	c.595+1G>C		ClinVar (ID811939—P)	 	c.596-12_599del		ClinVar (ID2506174—P)	 	c.596-3A>G		N/A	 	c.596-3_596-2insTGS	N/A	LOVD (ID0000886426—LP)	 	c.596-1G>T	N/A	ClinVar (ID586315—P)	 	IVS2	c.709+1G>A		ClinVar (ID92797—P)	 	c.709+1G>T	N/A	ClinVar (ID972824—P)	 	c.710-2A>G		ClinVar (ID1285124—P)	 	c.710-1G>A	N/A	ClinVar (ID1255534—P)	 	EX3	c.843G>A	N/A	ADPKD (LP); ClinVar (ID1255690—VUS)	 	IVS3	c.843+1G>A		ClinVar (ID997217—P)	 	IVS3	c.843+1G>T	N/A	LOVD (ID0000089511—P)	 	IVS3	c.843+2T>C	N/A	ADPKD (P)	 	IVS3	c.843+3A>G	N/A	ADPKD (P)	 	IVS3	c."
39200828	fulltext	TABLE	hgvs	c.1898+1G>A	"Region	cDNA Reference Sequence *	Reference	Mutational Database and Annotation	 	IVS1	c.595+2T>C		ClinVar (ID1068903—P)	 	c.595+1G>A		ClinVar (ID1072849—P)	 	c.595+1G>C		ClinVar (ID811939—P)	 	c.596-12_599del		ClinVar (ID2506174—P)	 	c.596-3A>G		N/A	 	c.596-3_596-2insTGS	N/A	LOVD (ID0000886426—LP)	 	c.596-1G>T	N/A	ClinVar (ID586315—P)	 	IVS2	c.709+1G>A		ClinVar (ID92797—P)	 	c.709+1G>T	N/A	ClinVar (ID972824—P)	 	c.710-2A>G		ClinVar (ID1285124—P)	 	c.710-1G>A	N/A	ClinVar (ID1255534—P)	 	EX3	c.843G>A	N/A	ADPKD (LP); ClinVar (ID1255690—VUS)	 	IVS3	c.843+1G>A		ClinVar (ID997217—P)	 	IVS3	c.843+1G>T	N/A	LOVD (ID0000089511—P)	 	IVS3	c.843+2T>C	N/A	ADPKD (P)	 	IVS3	c.843+3A>G	N/A	ADPKD (P)	 	IVS3	c."
39200828	fulltext	TABLE	hgvs	c.1899-2A>T	"Region	cDNA Reference Sequence *	Reference	Mutational Database and Annotation	 	IVS1	c.595+2T>C		ClinVar (ID1068903—P)	 	c.595+1G>A		ClinVar (ID1072849—P)	 	c.595+1G>C		ClinVar (ID811939—P)	 	c.596-12_599del		ClinVar (ID2506174—P)	 	c.596-3A>G		N/A	 	c.596-3_596-2insTGS	N/A	LOVD (ID0000886426—LP)	 	c.596-1G>T	N/A	ClinVar (ID586315—P)	 	IVS2	c.709+1G>A		ClinVar (ID92797—P)	 	c.709+1G>T	N/A	ClinVar (ID972824—P)	 	c.710-2A>G		ClinVar (ID1285124—P)	 	c.710-1G>A	N/A	ClinVar (ID1255534—P)	 	EX3	c.843G>A	N/A	ADPKD (LP); ClinVar (ID1255690—VUS)	 	IVS3	c.843+1G>A		ClinVar (ID997217—P)	 	IVS3	c.843+1G>T	N/A	LOVD (ID0000089511—P)	 	IVS3	c.843+2T>C	N/A	ADPKD (P)	 	IVS3	c.843+3A>G	N/A	ADPKD (P)	 	IVS3	c."
39200828	fulltext	TABLE	hgvs	c.2019G>A	"Region	cDNA Reference Sequence *	Reference	Mutational Database and Annotation	 	IVS1	c.595+2T>C		ClinVar (ID1068903—P)	 	c.595+1G>A		ClinVar (ID1072849—P)	 	c.595+1G>C		ClinVar (ID811939—P)	 	c.596-12_599del		ClinVar (ID2506174—P)	 	c.596-3A>G		N/A	 	c.596-3_596-2insTGS	N/A	LOVD (ID0000886426—LP)	 	c.596-1G>T	N/A	ClinVar (ID586315—P)	 	IVS2	c.709+1G>A		ClinVar (ID92797—P)	 	c.709+1G>T	N/A	ClinVar (ID972824—P)	 	c.710-2A>G		ClinVar (ID1285124—P)	 	c.710-1G>A	N/A	ClinVar (ID1255534—P)	 	EX3	c.843G>A	N/A	ADPKD (LP); ClinVar (ID1255690—VUS)	 	IVS3	c.843+1G>A		ClinVar (ID997217—P)	 	IVS3	c.843+1G>T	N/A	LOVD (ID0000089511—P)	 	IVS3	c.843+2T>C	N/A	ADPKD (P)	 	IVS3	c.843+3A>G	N/A	ADPKD (P)	 	IVS3	c."
39200828	fulltext	TABLE	hgvs	c.2019+1G>A	"Region	cDNA Reference Sequence *	Reference	Mutational Database and Annotation	 	IVS1	c.595+2T>C		ClinVar (ID1068903—P)	 	c.595+1G>A		ClinVar (ID1072849—P)	 	c.595+1G>C		ClinVar (ID811939—P)	 	c.596-12_599del		ClinVar (ID2506174—P)	 	c.596-3A>G		N/A	 	c.596-3_596-2insTGS	N/A	LOVD (ID0000886426—LP)	 	c.596-1G>T	N/A	ClinVar (ID586315—P)	 	IVS2	c.709+1G>A		ClinVar (ID92797—P)	 	c.709+1G>T	N/A	ClinVar (ID972824—P)	 	c.710-2A>G		ClinVar (ID1285124—P)	 	c.710-1G>A	N/A	ClinVar (ID1255534—P)	 	EX3	c.843G>A	N/A	ADPKD (LP); ClinVar (ID1255690—VUS)	 	IVS3	c.843+1G>A		ClinVar (ID997217—P)	 	IVS3	c.843+1G>T	N/A	LOVD (ID0000089511—P)	 	IVS3	c.843+2T>C	N/A	ADPKD (P)	 	IVS3	c.843+3A>G	N/A	ADPKD (P)	 	IVS3	c."
39200828	fulltext	TABLE	hgvs	c.2019+2T>A	"Region	cDNA Reference Sequence *	Reference	Mutational Database and Annotation	 	IVS1	c.595+2T>C		ClinVar (ID1068903—P)	 	c.595+1G>A		ClinVar (ID1072849—P)	 	c.595+1G>C		ClinVar (ID811939—P)	 	c.596-12_599del		ClinVar (ID2506174—P)	 	c.596-3A>G		N/A	 	c.596-3_596-2insTGS	N/A	LOVD (ID0000886426—LP)	 	c.596-1G>T	N/A	ClinVar (ID586315—P)	 	IVS2	c.709+1G>A		ClinVar (ID92797—P)	 	c.709+1G>T	N/A	ClinVar (ID972824—P)	 	c.710-2A>G		ClinVar (ID1285124—P)	 	c.710-1G>A	N/A	ClinVar (ID1255534—P)	 	EX3	c.843G>A	N/A	ADPKD (LP); ClinVar (ID1255690—VUS)	 	IVS3	c.843+1G>A		ClinVar (ID997217—P)	 	IVS3	c.843+1G>T	N/A	LOVD (ID0000089511—P)	 	IVS3	c.843+2T>C	N/A	ADPKD (P)	 	IVS3	c.843+3A>G	N/A	ADPKD (P)	 	IVS3	c."
39200828	fulltext	TABLE	hgvs	c.2019+1_2019+5del	"Region	cDNA Reference Sequence *	Reference	Mutational Database and Annotation	 	IVS1	c.595+2T>C		ClinVar (ID1068903—P)	 	c.595+1G>A		ClinVar (ID1072849—P)	 	c.595+1G>C		ClinVar (ID811939—P)	 	c.596-12_599del		ClinVar (ID2506174—P)	 	c.596-3A>G		N/A	 	c.596-3_596-2insTGS	N/A	LOVD (ID0000886426—LP)	 	c.596-1G>T	N/A	ClinVar (ID586315—P)	 	IVS2	c.709+1G>A		ClinVar (ID92797—P)	 	c.709+1G>T	N/A	ClinVar (ID972824—P)	 	c.710-2A>G		ClinVar (ID1285124—P)	 	c.710-1G>A	N/A	ClinVar (ID1255534—P)	 	EX3	c.843G>A	N/A	ADPKD (LP); ClinVar (ID1255690—VUS)	 	IVS3	c.843+1G>A		ClinVar (ID997217—P)	 	IVS3	c.843+1G>T	N/A	LOVD (ID0000089511—P)	 	IVS3	c.843+2T>C	N/A	ADPKD (P)	 	IVS3	c.843+3A>G	N/A	ADPKD (P)	 	IVS3	c."
39200828	fulltext	TABLE	hgvs	c.2020-2A>G	"Region	cDNA Reference Sequence *	Reference	Mutational Database and Annotation	 	IVS1	c.595+2T>C		ClinVar (ID1068903—P)	 	c.595+1G>A		ClinVar (ID1072849—P)	 	c.595+1G>C		ClinVar (ID811939—P)	 	c.596-12_599del		ClinVar (ID2506174—P)	 	c.596-3A>G		N/A	 	c.596-3_596-2insTGS	N/A	LOVD (ID0000886426—LP)	 	c.596-1G>T	N/A	ClinVar (ID586315—P)	 	IVS2	c.709+1G>A		ClinVar (ID92797—P)	 	c.709+1G>T	N/A	ClinVar (ID972824—P)	 	c.710-2A>G		ClinVar (ID1285124—P)	 	c.710-1G>A	N/A	ClinVar (ID1255534—P)	 	EX3	c.843G>A	N/A	ADPKD (LP); ClinVar (ID1255690—VUS)	 	IVS3	c.843+1G>A		ClinVar (ID997217—P)	 	IVS3	c.843+1G>T	N/A	LOVD (ID0000089511—P)	 	IVS3	c.843+2T>C	N/A	ADPKD (P)	 	IVS3	c.843+3A>G	N/A	ADPKD (P)	 	IVS3	c."
39200828	fulltext	TABLE	hgvs	c.2020-2_-1del	"Region	cDNA Reference Sequence *	Reference	Mutational Database and Annotation	 	IVS1	c.595+2T>C		ClinVar (ID1068903—P)	 	c.595+1G>A		ClinVar (ID1072849—P)	 	c.595+1G>C		ClinVar (ID811939—P)	 	c.596-12_599del		ClinVar (ID2506174—P)	 	c.596-3A>G		N/A	 	c.596-3_596-2insTGS	N/A	LOVD (ID0000886426—LP)	 	c.596-1G>T	N/A	ClinVar (ID586315—P)	 	IVS2	c.709+1G>A		ClinVar (ID92797—P)	 	c.709+1G>T	N/A	ClinVar (ID972824—P)	 	c.710-2A>G		ClinVar (ID1285124—P)	 	c.710-1G>A	N/A	ClinVar (ID1255534—P)	 	EX3	c.843G>A	N/A	ADPKD (LP); ClinVar (ID1255690—VUS)	 	IVS3	c.843+1G>A		ClinVar (ID997217—P)	 	IVS3	c.843+1G>T	N/A	LOVD (ID0000089511—P)	 	IVS3	c.843+2T>C	N/A	ADPKD (P)	 	IVS3	c.843+3A>G	N/A	ADPKD (P)	 	IVS3	c."
39200828	fulltext	TABLE	hgvs	c.2020-2del	"Region	cDNA Reference Sequence *	Reference	Mutational Database and Annotation	 	IVS1	c.595+2T>C		ClinVar (ID1068903—P)	 	c.595+1G>A		ClinVar (ID1072849—P)	 	c.595+1G>C		ClinVar (ID811939—P)	 	c.596-12_599del		ClinVar (ID2506174—P)	 	c.596-3A>G		N/A	 	c.596-3_596-2insTGS	N/A	LOVD (ID0000886426—LP)	 	c.596-1G>T	N/A	ClinVar (ID586315—P)	 	IVS2	c.709+1G>A		ClinVar (ID92797—P)	 	c.709+1G>T	N/A	ClinVar (ID972824—P)	 	c.710-2A>G		ClinVar (ID1285124—P)	 	c.710-1G>A	N/A	ClinVar (ID1255534—P)	 	EX3	c.843G>A	N/A	ADPKD (LP); ClinVar (ID1255690—VUS)	 	IVS3	c.843+1G>A		ClinVar (ID997217—P)	 	IVS3	c.843+1G>T	N/A	LOVD (ID0000089511—P)	 	IVS3	c.843+2T>C	N/A	ADPKD (P)	 	IVS3	c.843+3A>G	N/A	ADPKD (P)	 	IVS3	c."
39200828	fulltext	TABLE	hgvs	c.2020-1_2020del	"Region	cDNA Reference Sequence *	Reference	Mutational Database and Annotation	 	IVS1	c.595+2T>C		ClinVar (ID1068903—P)	 	c.595+1G>A		ClinVar (ID1072849—P)	 	c.595+1G>C		ClinVar (ID811939—P)	 	c.596-12_599del		ClinVar (ID2506174—P)	 	c.596-3A>G		N/A	 	c.596-3_596-2insTGS	N/A	LOVD (ID0000886426—LP)	 	c.596-1G>T	N/A	ClinVar (ID586315—P)	 	IVS2	c.709+1G>A		ClinVar (ID92797—P)	 	c.709+1G>T	N/A	ClinVar (ID972824—P)	 	c.710-2A>G		ClinVar (ID1285124—P)	 	c.710-1G>A	N/A	ClinVar (ID1255534—P)	 	EX3	c.843G>A	N/A	ADPKD (LP); ClinVar (ID1255690—VUS)	 	IVS3	c.843+1G>A		ClinVar (ID997217—P)	 	IVS3	c.843+1G>T	N/A	LOVD (ID0000089511—P)	 	IVS3	c.843+2T>C	N/A	ADPKD (P)	 	IVS3	c.843+3A>G	N/A	ADPKD (P)	 	IVS3	c."
39200828	fulltext	TABLE	hgvs	c.2118-2A>G	"Region	cDNA Reference Sequence *	Reference	Mutational Database and Annotation	 	IVS1	c.595+2T>C		ClinVar (ID1068903—P)	 	c.595+1G>A		ClinVar (ID1072849—P)	 	c.595+1G>C		ClinVar (ID811939—P)	 	c.596-12_599del		ClinVar (ID2506174—P)	 	c.596-3A>G		N/A	 	c.596-3_596-2insTGS	N/A	LOVD (ID0000886426—LP)	 	c.596-1G>T	N/A	ClinVar (ID586315—P)	 	IVS2	c.709+1G>A		ClinVar (ID92797—P)	 	c.709+1G>T	N/A	ClinVar (ID972824—P)	 	c.710-2A>G		ClinVar (ID1285124—P)	 	c.710-1G>A	N/A	ClinVar (ID1255534—P)	 	EX3	c.843G>A	N/A	ADPKD (LP); ClinVar (ID1255690—VUS)	 	IVS3	c.843+1G>A		ClinVar (ID997217—P)	 	IVS3	c.843+1G>T	N/A	LOVD (ID0000089511—P)	 	IVS3	c.843+2T>C	N/A	ADPKD (P)	 	IVS3	c.843+3A>G	N/A	ADPKD (P)	 	IVS3	c."
39200828	fulltext	TABLE	hgvs	c.2118+1G>C	"Region	cDNA Reference Sequence *	Reference	Mutational Database and Annotation	 	IVS1	c.595+2T>C		ClinVar (ID1068903—P)	 	c.595+1G>A		ClinVar (ID1072849—P)	 	c.595+1G>C		ClinVar (ID811939—P)	 	c.596-12_599del		ClinVar (ID2506174—P)	 	c.596-3A>G		N/A	 	c.596-3_596-2insTGS	N/A	LOVD (ID0000886426—LP)	 	c.596-1G>T	N/A	ClinVar (ID586315—P)	 	IVS2	c.709+1G>A		ClinVar (ID92797—P)	 	c.709+1G>T	N/A	ClinVar (ID972824—P)	 	c.710-2A>G		ClinVar (ID1285124—P)	 	c.710-1G>A	N/A	ClinVar (ID1255534—P)	 	EX3	c.843G>A	N/A	ADPKD (LP); ClinVar (ID1255690—VUS)	 	IVS3	c.843+1G>A		ClinVar (ID997217—P)	 	IVS3	c.843+1G>T	N/A	LOVD (ID0000089511—P)	 	IVS3	c.843+2T>C	N/A	ADPKD (P)	 	IVS3	c.843+3A>G	N/A	ADPKD (P)	 	IVS3	c."
39200828	fulltext	TABLE	hgvs	c.2119-2A>G	"Region	cDNA Reference Sequence *	Reference	Mutational Database and Annotation	 	IVS1	c.595+2T>C		ClinVar (ID1068903—P)	 	c.595+1G>A		ClinVar (ID1072849—P)	 	c.595+1G>C		ClinVar (ID811939—P)	 	c.596-12_599del		ClinVar (ID2506174—P)	 	c.596-3A>G		N/A	 	c.596-3_596-2insTGS	N/A	LOVD (ID0000886426—LP)	 	c.596-1G>T	N/A	ClinVar (ID586315—P)	 	IVS2	c.709+1G>A		ClinVar (ID92797—P)	 	c.709+1G>T	N/A	ClinVar (ID972824—P)	 	c.710-2A>G		ClinVar (ID1285124—P)	 	c.710-1G>A	N/A	ClinVar (ID1255534—P)	 	EX3	c.843G>A	N/A	ADPKD (LP); ClinVar (ID1255690—VUS)	 	IVS3	c.843+1G>A		ClinVar (ID997217—P)	 	IVS3	c.843+1G>T	N/A	LOVD (ID0000089511—P)	 	IVS3	c.843+2T>C	N/A	ADPKD (P)	 	IVS3	c.843+3A>G	N/A	ADPKD (P)	 	IVS3	c."
39200828	fulltext	TABLE	hgvs	c.2240+1G>A	"Region	cDNA Reference Sequence *	Reference	Mutational Database and Annotation	 	IVS1	c.595+2T>C		ClinVar (ID1068903—P)	 	c.595+1G>A		ClinVar (ID1072849—P)	 	c.595+1G>C		ClinVar (ID811939—P)	 	c.596-12_599del		ClinVar (ID2506174—P)	 	c.596-3A>G		N/A	 	c.596-3_596-2insTGS	N/A	LOVD (ID0000886426—LP)	 	c.596-1G>T	N/A	ClinVar (ID586315—P)	 	IVS2	c.709+1G>A		ClinVar (ID92797—P)	 	c.709+1G>T	N/A	ClinVar (ID972824—P)	 	c.710-2A>G		ClinVar (ID1285124—P)	 	c.710-1G>A	N/A	ClinVar (ID1255534—P)	 	EX3	c.843G>A	N/A	ADPKD (LP); ClinVar (ID1255690—VUS)	 	IVS3	c.843+1G>A		ClinVar (ID997217—P)	 	IVS3	c.843+1G>T	N/A	LOVD (ID0000089511—P)	 	IVS3	c.843+2T>C	N/A	ADPKD (P)	 	IVS3	c.843+3A>G	N/A	ADPKD (P)	 	IVS3	c."
39200828	fulltext	TABLE	hgvs	c.2240+1G>T	"Region	cDNA Reference Sequence *	Reference	Mutational Database and Annotation	 	IVS1	c.595+2T>C		ClinVar (ID1068903—P)	 	c.595+1G>A		ClinVar (ID1072849—P)	 	c.595+1G>C		ClinVar (ID811939—P)	 	c.596-12_599del		ClinVar (ID2506174—P)	 	c.596-3A>G		N/A	 	c.596-3_596-2insTGS	N/A	LOVD (ID0000886426—LP)	 	c.596-1G>T	N/A	ClinVar (ID586315—P)	 	IVS2	c.709+1G>A		ClinVar (ID92797—P)	 	c.709+1G>T	N/A	ClinVar (ID972824—P)	 	c.710-2A>G		ClinVar (ID1285124—P)	 	c.710-1G>A	N/A	ClinVar (ID1255534—P)	 	EX3	c.843G>A	N/A	ADPKD (LP); ClinVar (ID1255690—VUS)	 	IVS3	c.843+1G>A		ClinVar (ID997217—P)	 	IVS3	c.843+1G>T	N/A	LOVD (ID0000089511—P)	 	IVS3	c.843+2T>C	N/A	ADPKD (P)	 	IVS3	c.843+3A>G	N/A	ADPKD (P)	 	IVS3	c."
39200828	fulltext	TABLE	hgvs	c.2240+1G>C	"Region	cDNA Reference Sequence *	Reference	Mutational Database and Annotation	 	IVS1	c.595+2T>C		ClinVar (ID1068903—P)	 	c.595+1G>A		ClinVar (ID1072849—P)	 	c.595+1G>C		ClinVar (ID811939—P)	 	c.596-12_599del		ClinVar (ID2506174—P)	 	c.596-3A>G		N/A	 	c.596-3_596-2insTGS	N/A	LOVD (ID0000886426—LP)	 	c.596-1G>T	N/A	ClinVar (ID586315—P)	 	IVS2	c.709+1G>A		ClinVar (ID92797—P)	 	c.709+1G>T	N/A	ClinVar (ID972824—P)	 	c.710-2A>G		ClinVar (ID1285124—P)	 	c.710-1G>A	N/A	ClinVar (ID1255534—P)	 	EX3	c.843G>A	N/A	ADPKD (LP); ClinVar (ID1255690—VUS)	 	IVS3	c.843+1G>A		ClinVar (ID997217—P)	 	IVS3	c.843+1G>T	N/A	LOVD (ID0000089511—P)	 	IVS3	c.843+2T>C	N/A	ADPKD (P)	 	IVS3	c.843+3A>G	N/A	ADPKD (P)	 	IVS3	c."
39200828	fulltext	TABLE	hgvs	c.2241-2A>G	"Region	cDNA Reference Sequence *	Reference	Mutational Database and Annotation	 	IVS1	c.595+2T>C		ClinVar (ID1068903—P)	 	c.595+1G>A		ClinVar (ID1072849—P)	 	c.595+1G>C		ClinVar (ID811939—P)	 	c.596-12_599del		ClinVar (ID2506174—P)	 	c.596-3A>G		N/A	 	c.596-3_596-2insTGS	N/A	LOVD (ID0000886426—LP)	 	c.596-1G>T	N/A	ClinVar (ID586315—P)	 	IVS2	c.709+1G>A		ClinVar (ID92797—P)	 	c.709+1G>T	N/A	ClinVar (ID972824—P)	 	c.710-2A>G		ClinVar (ID1285124—P)	 	c.710-1G>A	N/A	ClinVar (ID1255534—P)	 	EX3	c.843G>A	N/A	ADPKD (LP); ClinVar (ID1255690—VUS)	 	IVS3	c.843+1G>A		ClinVar (ID997217—P)	 	IVS3	c.843+1G>T	N/A	LOVD (ID0000089511—P)	 	IVS3	c.843+2T>C	N/A	ADPKD (P)	 	IVS3	c.843+3A>G	N/A	ADPKD (P)	 	IVS3	c."
39200828	fulltext	TABLE	hgvs	c.2241-1G>T	"Region	cDNA Reference Sequence *	Reference	Mutational Database and Annotation	 	IVS1	c.595+2T>C		ClinVar (ID1068903—P)	 	c.595+1G>A		ClinVar (ID1072849—P)	 	c.595+1G>C		ClinVar (ID811939—P)	 	c.596-12_599del		ClinVar (ID2506174—P)	 	c.596-3A>G		N/A	 	c.596-3_596-2insTGS	N/A	LOVD (ID0000886426—LP)	 	c.596-1G>T	N/A	ClinVar (ID586315—P)	 	IVS2	c.709+1G>A		ClinVar (ID92797—P)	 	c.709+1G>T	N/A	ClinVar (ID972824—P)	 	c.710-2A>G		ClinVar (ID1285124—P)	 	c.710-1G>A	N/A	ClinVar (ID1255534—P)	 	EX3	c.843G>A	N/A	ADPKD (LP); ClinVar (ID1255690—VUS)	 	IVS3	c.843+1G>A		ClinVar (ID997217—P)	 	IVS3	c.843+1G>T	N/A	LOVD (ID0000089511—P)	 	IVS3	c.843+2T>C	N/A	ADPKD (P)	 	IVS3	c.843+3A>G	N/A	ADPKD (P)	 	IVS3	c."
39200828	fulltext	TABLE	hgvs	c.2358+1G>A	"Region	cDNA Reference Sequence *	Reference	Mutational Database and Annotation	 	IVS1	c.595+2T>C		ClinVar (ID1068903—P)	 	c.595+1G>A		ClinVar (ID1072849—P)	 	c.595+1G>C		ClinVar (ID811939—P)	 	c.596-12_599del		ClinVar (ID2506174—P)	 	c.596-3A>G		N/A	 	c.596-3_596-2insTGS	N/A	LOVD (ID0000886426—LP)	 	c.596-1G>T	N/A	ClinVar (ID586315—P)	 	IVS2	c.709+1G>A		ClinVar (ID92797—P)	 	c.709+1G>T	N/A	ClinVar (ID972824—P)	 	c.710-2A>G		ClinVar (ID1285124—P)	 	c.710-1G>A	N/A	ClinVar (ID1255534—P)	 	EX3	c.843G>A	N/A	ADPKD (LP); ClinVar (ID1255690—VUS)	 	IVS3	c.843+1G>A		ClinVar (ID997217—P)	 	IVS3	c.843+1G>T	N/A	LOVD (ID0000089511—P)	 	IVS3	c.843+2T>C	N/A	ADPKD (P)	 	IVS3	c.843+3A>G	N/A	ADPKD (P)	 	IVS3	c."
39200828	fulltext	TABLE	hgvs	c.2358+1G>T	"Region	cDNA Reference Sequence *	Reference	Mutational Database and Annotation	 	IVS1	c.595+2T>C		ClinVar (ID1068903—P)	 	c.595+1G>A		ClinVar (ID1072849—P)	 	c.595+1G>C		ClinVar (ID811939—P)	 	c.596-12_599del		ClinVar (ID2506174—P)	 	c.596-3A>G		N/A	 	c.596-3_596-2insTGS	N/A	LOVD (ID0000886426—LP)	 	c.596-1G>T	N/A	ClinVar (ID586315—P)	 	IVS2	c.709+1G>A		ClinVar (ID92797—P)	 	c.709+1G>T	N/A	ClinVar (ID972824—P)	 	c.710-2A>G		ClinVar (ID1285124—P)	 	c.710-1G>A	N/A	ClinVar (ID1255534—P)	 	EX3	c.843G>A	N/A	ADPKD (LP); ClinVar (ID1255690—VUS)	 	IVS3	c.843+1G>A		ClinVar (ID997217—P)	 	IVS3	c.843+1G>T	N/A	LOVD (ID0000089511—P)	 	IVS3	c.843+2T>C	N/A	ADPKD (P)	 	IVS3	c.843+3A>G	N/A	ADPKD (P)	 	IVS3	c."
39200828	fulltext	TABLE	hgvs	c.2358+1G>C	"Region	cDNA Reference Sequence *	Reference	Mutational Database and Annotation	 	IVS1	c.595+2T>C		ClinVar (ID1068903—P)	 	c.595+1G>A		ClinVar (ID1072849—P)	 	c.595+1G>C		ClinVar (ID811939—P)	 	c.596-12_599del		ClinVar (ID2506174—P)	 	c.596-3A>G		N/A	 	c.596-3_596-2insTGS	N/A	LOVD (ID0000886426—LP)	 	c.596-1G>T	N/A	ClinVar (ID586315—P)	 	IVS2	c.709+1G>A		ClinVar (ID92797—P)	 	c.709+1G>T	N/A	ClinVar (ID972824—P)	 	c.710-2A>G		ClinVar (ID1285124—P)	 	c.710-1G>A	N/A	ClinVar (ID1255534—P)	 	EX3	c.843G>A	N/A	ADPKD (LP); ClinVar (ID1255690—VUS)	 	IVS3	c.843+1G>A		ClinVar (ID997217—P)	 	IVS3	c.843+1G>T	N/A	LOVD (ID0000089511—P)	 	IVS3	c.843+2T>C	N/A	ADPKD (P)	 	IVS3	c.843+3A>G	N/A	ADPKD (P)	 	IVS3	c."
39200828	fulltext	TABLE	hgvs	c.2522+1_2522+2del	"Region	cDNA Reference Sequence *	Reference	Mutational Database and Annotation	 	IVS1	c.595+2T>C		ClinVar (ID1068903—P)	 	c.595+1G>A		ClinVar (ID1072849—P)	 	c.595+1G>C		ClinVar (ID811939—P)	 	c.596-12_599del		ClinVar (ID2506174—P)	 	c.596-3A>G		N/A	 	c.596-3_596-2insTGS	N/A	LOVD (ID0000886426—LP)	 	c.596-1G>T	N/A	ClinVar (ID586315—P)	 	IVS2	c.709+1G>A		ClinVar (ID92797—P)	 	c.709+1G>T	N/A	ClinVar (ID972824—P)	 	c.710-2A>G		ClinVar (ID1285124—P)	 	c.710-1G>A	N/A	ClinVar (ID1255534—P)	 	EX3	c.843G>A	N/A	ADPKD (LP); ClinVar (ID1255690—VUS)	 	IVS3	c.843+1G>A		ClinVar (ID997217—P)	 	IVS3	c.843+1G>T	N/A	LOVD (ID0000089511—P)	 	IVS3	c.843+2T>C	N/A	ADPKD (P)	 	IVS3	c.843+3A>G	N/A	ADPKD (P)	 	IVS3	c."
39200828	fulltext	TABLE	hgvs	c.2522+1G>T	"Region	cDNA Reference Sequence *	Reference	Mutational Database and Annotation	 	IVS1	c.595+2T>C		ClinVar (ID1068903—P)	 	c.595+1G>A		ClinVar (ID1072849—P)	 	c.595+1G>C		ClinVar (ID811939—P)	 	c.596-12_599del		ClinVar (ID2506174—P)	 	c.596-3A>G		N/A	 	c.596-3_596-2insTGS	N/A	LOVD (ID0000886426—LP)	 	c.596-1G>T	N/A	ClinVar (ID586315—P)	 	IVS2	c.709+1G>A		ClinVar (ID92797—P)	 	c.709+1G>T	N/A	ClinVar (ID972824—P)	 	c.710-2A>G		ClinVar (ID1285124—P)	 	c.710-1G>A	N/A	ClinVar (ID1255534—P)	 	EX3	c.843G>A	N/A	ADPKD (LP); ClinVar (ID1255690—VUS)	 	IVS3	c.843+1G>A		ClinVar (ID997217—P)	 	IVS3	c.843+1G>T	N/A	LOVD (ID0000089511—P)	 	IVS3	c.843+2T>C	N/A	ADPKD (P)	 	IVS3	c.843+3A>G	N/A	ADPKD (P)	 	IVS3	c."
39200828	fulltext	TABLE	hgvs	c.2523-1G>A	"Region	cDNA Reference Sequence *	Reference	Mutational Database and Annotation	 	IVS1	c.595+2T>C		ClinVar (ID1068903—P)	 	c.595+1G>A		ClinVar (ID1072849—P)	 	c.595+1G>C		ClinVar (ID811939—P)	 	c.596-12_599del		ClinVar (ID2506174—P)	 	c.596-3A>G		N/A	 	c.596-3_596-2insTGS	N/A	LOVD (ID0000886426—LP)	 	c.596-1G>T	N/A	ClinVar (ID586315—P)	 	IVS2	c.709+1G>A		ClinVar (ID92797—P)	 	c.709+1G>T	N/A	ClinVar (ID972824—P)	 	c.710-2A>G		ClinVar (ID1285124—P)	 	c.710-1G>A	N/A	ClinVar (ID1255534—P)	 	EX3	c.843G>A	N/A	ADPKD (LP); ClinVar (ID1255690—VUS)	 	IVS3	c.843+1G>A		ClinVar (ID997217—P)	 	IVS3	c.843+1G>T	N/A	LOVD (ID0000089511—P)	 	IVS3	c.843+2T>C	N/A	ADPKD (P)	 	IVS3	c.843+3A>G	N/A	ADPKD (P)	 	IVS3	c."
39200828	fulltext	TABLE	hgvs	c.2670+1G>A	"Region	cDNA Reference Sequence *	Reference	Mutational Database and Annotation	 	IVS1	c.595+2T>C		ClinVar (ID1068903—P)	 	c.595+1G>A		ClinVar (ID1072849—P)	 	c.595+1G>C		ClinVar (ID811939—P)	 	c.596-12_599del		ClinVar (ID2506174—P)	 	c.596-3A>G		N/A	 	c.596-3_596-2insTGS	N/A	LOVD (ID0000886426—LP)	 	c.596-1G>T	N/A	ClinVar (ID586315—P)	 	IVS2	c.709+1G>A		ClinVar (ID92797—P)	 	c.709+1G>T	N/A	ClinVar (ID972824—P)	 	c.710-2A>G		ClinVar (ID1285124—P)	 	c.710-1G>A	N/A	ClinVar (ID1255534—P)	 	EX3	c.843G>A	N/A	ADPKD (LP); ClinVar (ID1255690—VUS)	 	IVS3	c.843+1G>A		ClinVar (ID997217—P)	 	IVS3	c.843+1G>T	N/A	LOVD (ID0000089511—P)	 	IVS3	c.843+2T>C	N/A	ADPKD (P)	 	IVS3	c.843+3A>G	N/A	ADPKD (P)	 	IVS3	c."
39200828	fulltext	TABLE	hgvs	c.2671-2A>G	"Region	cDNA Reference Sequence *	Reference	Mutational Database and Annotation	 	IVS1	c.595+2T>C		ClinVar (ID1068903—P)	 	c.595+1G>A		ClinVar (ID1072849—P)	 	c.595+1G>C		ClinVar (ID811939—P)	 	c.596-12_599del		ClinVar (ID2506174—P)	 	c.596-3A>G		N/A	 	c.596-3_596-2insTGS	N/A	LOVD (ID0000886426—LP)	 	c.596-1G>T	N/A	ClinVar (ID586315—P)	 	IVS2	c.709+1G>A		ClinVar (ID92797—P)	 	c.709+1G>T	N/A	ClinVar (ID972824—P)	 	c.710-2A>G		ClinVar (ID1285124—P)	 	c.710-1G>A	N/A	ClinVar (ID1255534—P)	 	EX3	c.843G>A	N/A	ADPKD (LP); ClinVar (ID1255690—VUS)	 	IVS3	c.843+1G>A		ClinVar (ID997217—P)	 	IVS3	c.843+1G>T	N/A	LOVD (ID0000089511—P)	 	IVS3	c.843+2T>C	N/A	ADPKD (P)	 	IVS3	c.843+3A>G	N/A	ADPKD (P)	 	IVS3	c."
39757590	fulltext	ABSTRACT	rsid	rs2092942382	Luciferase reporter assays and RT-qPCR results reveal that rs2092942382 and rs1596636969 increase, while rs2092942900 decreases main gene translation without affecting transcription.
39757590	fulltext	ABSTRACT	rsid	rs1596636969	Luciferase reporter assays and RT-qPCR results reveal that rs2092942382 and rs1596636969 increase, while rs2092942900 decreases main gene translation without affecting transcription.
39757590	fulltext	ABSTRACT	rsid	rs2092942900	Luciferase reporter assays and RT-qPCR results reveal that rs2092942382 and rs1596636969 increase, while rs2092942900 decreases main gene translation without affecting transcription.
39757590	fulltext	RESULTS	hgvs	c.-67C>T	One ´Likely benign´ variant (NM_001009944.3: c.-67C>T, labelled as rs1016465177 in the SNP database) changes the sixth codon of uORF1 from GCC to GCT.
39757590	fulltext	RESULTS	rsid	rs1016465177	One ´Likely benign´ variant (NM_001009944.3: c.-67C>T, labelled as rs1016465177 in the SNP database) changes the sixth codon of uORF1 from GCC to GCT.
39757590	fulltext	TABLE	rsid	rs2092942199	"SNPs	Chromosome	Alleles	Affected uORFs	Changes in codon	Predicted consequences	Observed consequences	 	rs2092942199	16:2135692	T>C	uORF2	TAA>TAG	Enhancing PKD1 translation	–	 	rs1269372295	16:2135708	A>G	uORF2	ATG>ACG	Reducing uORF2 translation; Enhancing PKD1 translation	–	 	rs1596636969	16:2135709	T>C	uORF2	ATG>GTG	Reducing uORF2 translation; Enhancing PKD1 translation	Enhancing luciferase activity	 	rs2092942900	16:2135755	A>G	uORF1	TGA>CGA	N-terminal CDS extension; Enhancing PKD1 production	GFP N terminal extension: Reducing luciferase activity and GFP production	 	rs970706680	16:2135776	T>C	uORF1	ATG>GTG	Reducing uORF1 translation; Enhancing PKD1 translation	–"
39757590	fulltext	TABLE	rsid	rs1269372295	"SNPs	Chromosome	Alleles	Affected uORFs	Changes in codon	Predicted consequences	Observed consequences	 	rs2092942199	16:2135692	T>C	uORF2	TAA>TAG	Enhancing PKD1 translation	–	 	rs1269372295	16:2135708	A>G	uORF2	ATG>ACG	Reducing uORF2 translation; Enhancing PKD1 translation	–	 	rs1596636969	16:2135709	T>C	uORF2	ATG>GTG	Reducing uORF2 translation; Enhancing PKD1 translation	Enhancing luciferase activity	 	rs2092942900	16:2135755	A>G	uORF1	TGA>CGA	N-terminal CDS extension; Enhancing PKD1 production	GFP N terminal extension: Reducing luciferase activity and GFP production	 	rs970706680	16:2135776	T>C	uORF1	ATG>GTG	Reducing uORF1 translation; Enhancing PKD1 translation	–"
39757590	fulltext	TABLE	rsid	rs1596636969	"SNPs	Chromosome	Alleles	Affected uORFs	Changes in codon	Predicted consequences	Observed consequences	 	rs2092942199	16:2135692	T>C	uORF2	TAA>TAG	Enhancing PKD1 translation	–	 	rs1269372295	16:2135708	A>G	uORF2	ATG>ACG	Reducing uORF2 translation; Enhancing PKD1 translation	–	 	rs1596636969	16:2135709	T>C	uORF2	ATG>GTG	Reducing uORF2 translation; Enhancing PKD1 translation	Enhancing luciferase activity	 	rs2092942900	16:2135755	A>G	uORF1	TGA>CGA	N-terminal CDS extension; Enhancing PKD1 production	GFP N terminal extension: Reducing luciferase activity and GFP production	 	rs970706680	16:2135776	T>C	uORF1	ATG>GTG	Reducing uORF1 translation; Enhancing PKD1 translation	–"
39757590	fulltext	TABLE	rsid	rs2092942900	"SNPs	Chromosome	Alleles	Affected uORFs	Changes in codon	Predicted consequences	Observed consequences	 	rs2092942199	16:2135692	T>C	uORF2	TAA>TAG	Enhancing PKD1 translation	–	 	rs1269372295	16:2135708	A>G	uORF2	ATG>ACG	Reducing uORF2 translation; Enhancing PKD1 translation	–	 	rs1596636969	16:2135709	T>C	uORF2	ATG>GTG	Reducing uORF2 translation; Enhancing PKD1 translation	Enhancing luciferase activity	 	rs2092942900	16:2135755	A>G	uORF1	TGA>CGA	N-terminal CDS extension; Enhancing PKD1 production	GFP N terminal extension: Reducing luciferase activity and GFP production	 	rs970706680	16:2135776	T>C	uORF1	ATG>GTG	Reducing uORF1 translation; Enhancing PKD1 translation	–"
39757590	fulltext	TABLE	rsid	rs970706680	"SNPs	Chromosome	Alleles	Affected uORFs	Changes in codon	Predicted consequences	Observed consequences	 	rs2092942199	16:2135692	T>C	uORF2	TAA>TAG	Enhancing PKD1 translation	–	 	rs1269372295	16:2135708	A>G	uORF2	ATG>ACG	Reducing uORF2 translation; Enhancing PKD1 translation	–	 	rs1596636969	16:2135709	T>C	uORF2	ATG>GTG	Reducing uORF2 translation; Enhancing PKD1 translation	Enhancing luciferase activity	 	rs2092942900	16:2135755	A>G	uORF1	TGA>CGA	N-terminal CDS extension; Enhancing PKD1 production	GFP N terminal extension: Reducing luciferase activity and GFP production	 	rs970706680	16:2135776	T>C	uORF1	ATG>GTG	Reducing uORF1 translation; Enhancing PKD1 translation	–"
39757590	fulltext	FIG	rsid	rs2092942900	(D) The PKD1 5’ UTR with the rs2092942900 variant was inserted into the pcDNA vector in front of the GFP CDS.
39757590	fulltext	RESULTS	rsid	rs1269372295	Three SNPs, namely rs1269372295, rs1596636969 and rs970706680, change the ATG start codon to ACG or GTG (Table 1).
39757590	fulltext	RESULTS	rsid	rs1596636969	Three SNPs, namely rs1269372295, rs1596636969 and rs970706680, change the ATG start codon to ACG or GTG (Table 1).
39757590	fulltext	RESULTS	rsid	rs970706680	Three SNPs, namely rs1269372295, rs1596636969 and rs970706680, change the ATG start codon to ACG or GTG (Table 1).
39757590	fulltext	RESULTS	rsid	rs1596636969	We conducted luciferase assay experiments for the rs1596636969 variant to confirm this hypothesis.
39757590	fulltext	RESULTS	rsid	rs1596636969	The relative Rluc/Fluc activity was significantly higher in cells transfected with 5´ UTR construct carrying the rs1596636969 variant than in cells transfected with WT 5´ UTR construct (Figure 5(B)).
39757590	fulltext	RESULTS	rsid	rs2092942199	The rs2092942199 variant changes the stop codon of uORF2 from TAA to TAG (Table 1).
39757590	fulltext	RESULTS	rsid	rs2092942900	Although stop-removing variants are subject to strong negative selection, the rs2092942900 SNP disrupts the uORF1 stop codon (Table 1).
39757590	fulltext	RESULTS	rsid	rs2092942900	To test this hypothesis, we generated a luciferase reporter construct and fused the GFP construct with the rs2092942900 variant.
39757590	fulltext	RESULTS	rsid	rs2092942382	One variant, rs2092942382, changes the − 3 nucleotide of uORF2 from G to T (Supplementary Table S4).
39757590	fulltext	RESULTS	rsid	rs2092942382	Consistent with this assumption, rs2092942382 variant increased the relative Rluc/Fluc ratio by approximately 42% compared to WT 5´ UTR (Figure 5b).
39757590	fulltext	RESULTS	rsid	rs2092942900	Among the above 3 tested mutations, the rs2092942900 has no impact on the predicted secondary structure of 5´ UTR (Supplementary Figure S10b-d).
39757590	fulltext	RESULTS	rsid	rs2092942382	The rs2092942382 mutation greatly alters the 5´ UTR RNA structure, as the pre-existing GC pair is disrupted by the introduction of T.
39757590	fulltext	RESULTS	rsid	rs1596636969	RT-qPCR results revealed that neither of them affected Rluc/Fluc mRNA levels (Figure 6(B)). rs1596636969 and rs2092942382 variants that disrupt uORF2 partially inhibited the suppressive effects of ASO2 (Supplementary Figure S11).
39757590	fulltext	RESULTS	rsid	rs2092942382	RT-qPCR results revealed that neither of them affected Rluc/Fluc mRNA levels (Figure 6(B)). rs1596636969 and rs2092942382 variants that disrupt uORF2 partially inhibited the suppressive effects of ASO2 (Supplementary Figure S11).
39757590	fulltext	DISCUSS	rsid	rs2092942900	In this work, the PKD1 SNP rs2092942900, a stop-removing variant, caused N-terminal extension and suppressed the production of primary protein.
39757590	fulltext	DISCUSS	rsid	rs2294008	SNP rs2294008, which encodes a translation initiation codon upstream of the annotated site and leads to the N-terminal extension of the PSCA protein, alters not only protein subcellular localization but also protein stability.
40069205	fulltext	ABSTRACT	hgvs	c.160_166dup	LRS additionally identified 10 pathogenic or likely pathogenic PKD1 variants, including four patients with microgene conversion (c.160_166dup, c.2180T>C, and c.8161+1G>A) between PKD1 and its pseudogenes, three with indels (c.-49_43del, c.2985+2_2985+4del, and c.10709_10760dup), one with likely pathogenic deep intronic variant (c.2908-107G>A) and two with large deletions.
40069205	fulltext	ABSTRACT	hgvs	c.2180T>C	LRS additionally identified 10 pathogenic or likely pathogenic PKD1 variants, including four patients with microgene conversion (c.160_166dup, c.2180T>C, and c.8161+1G>A) between PKD1 and its pseudogenes, three with indels (c.-49_43del, c.2985+2_2985+4del, and c.10709_10760dup), one with likely pathogenic deep intronic variant (c.2908-107G>A) and two with large deletions.
40069205	fulltext	ABSTRACT	hgvs	c.8161+1G>A	LRS additionally identified 10 pathogenic or likely pathogenic PKD1 variants, including four patients with microgene conversion (c.160_166dup, c.2180T>C, and c.8161+1G>A) between PKD1 and its pseudogenes, three with indels (c.-49_43del, c.2985+2_2985+4del, and c.10709_10760dup), one with likely pathogenic deep intronic variant (c.2908-107G>A) and two with large deletions.
40069205	fulltext	ABSTRACT	hgvs	c.-49_43del	LRS additionally identified 10 pathogenic or likely pathogenic PKD1 variants, including four patients with microgene conversion (c.160_166dup, c.2180T>C, and c.8161+1G>A) between PKD1 and its pseudogenes, three with indels (c.-49_43del, c.2985+2_2985+4del, and c.10709_10760dup), one with likely pathogenic deep intronic variant (c.2908-107G>A) and two with large deletions.
40069205	fulltext	ABSTRACT	hgvs	c.2985+2_2985+4del	LRS additionally identified 10 pathogenic or likely pathogenic PKD1 variants, including four patients with microgene conversion (c.160_166dup, c.2180T>C, and c.8161+1G>A) between PKD1 and its pseudogenes, three with indels (c.-49_43del, c.2985+2_2985+4del, and c.10709_10760dup), one with likely pathogenic deep intronic variant (c.2908-107G>A) and two with large deletions.
40069205	fulltext	ABSTRACT	hgvs	c.10709_10760dup	LRS additionally identified 10 pathogenic or likely pathogenic PKD1 variants, including four patients with microgene conversion (c.160_166dup, c.2180T>C, and c.8161+1G>A) between PKD1 and its pseudogenes, three with indels (c.-49_43del, c.2985+2_2985+4del, and c.10709_10760dup), one with likely pathogenic deep intronic variant (c.2908-107G>A) and two with large deletions.
40069205	fulltext	ABSTRACT	hgvs	c.2908-107G>A	LRS additionally identified 10 pathogenic or likely pathogenic PKD1 variants, including four patients with microgene conversion (c.160_166dup, c.2180T>C, and c.8161+1G>A) between PKD1 and its pseudogenes, three with indels (c.-49_43del, c.2985+2_2985+4del, and c.10709_10760dup), one with likely pathogenic deep intronic variant (c.2908-107G>A) and two with large deletions.
40069205	fulltext	FIG	hgvs	c.12048C>T	*The variant PKD1:c.12048C>T in KPK035 was classified as VUS at the time of enrollment and was upgraded to pathogenic with added evidence in this study.
40069205	fulltext	TABLE	hgvs	c.160_166dup	"Sample	With family history	SRS	LRS	Concordance analysis	 	Nucleotide	Nucleotide	Amino acid	Region	Type	Pathogenicity	Novel	 	KPK001	Yes	ND	c.160_166dup	p.L56Pfs*60	Exon1	Frameshift	P	No	Discordant	 	KPK002	Yes	ND	c.160_166dup	p.L56Pfs*60	Exon1	Frameshift	P	No	Discordant	 	KPK003	Yes	ND	c.2180T>C	p.L727P	Exon11	Missense	LP	No	Discordant	 	KPK004	Yes	ND	c.8161+1G>A	NA	Intron22	Splicing	P	No	Discordant	 	KPK005	Yes	ND	c.-49_43del	NA	Exon1	Start codon loss	P	Yes	Discordant	 	KPK006	No	ND	c.2985+2_2985+4del	NA	Intron12	Splicing	P	Yes	Discordant	 	KPK007	Yes	ND	c.10709_10760dup	p.W3588Gfs*56	Exon36	Frameshift	P	Yes	Discordant	 	KPK008	Yes	ND	c.2098-107G>A	NA	Intron10	Splicing	VUS	Yes	Discordant	 	"
40069205	fulltext	TABLE	hgvs	c.2180T>C	"Sample	With family history	SRS	LRS	Concordance analysis	 	Nucleotide	Nucleotide	Amino acid	Region	Type	Pathogenicity	Novel	 	KPK001	Yes	ND	c.160_166dup	p.L56Pfs*60	Exon1	Frameshift	P	No	Discordant	 	KPK002	Yes	ND	c.160_166dup	p.L56Pfs*60	Exon1	Frameshift	P	No	Discordant	 	KPK003	Yes	ND	c.2180T>C	p.L727P	Exon11	Missense	LP	No	Discordant	 	KPK004	Yes	ND	c.8161+1G>A	NA	Intron22	Splicing	P	No	Discordant	 	KPK005	Yes	ND	c.-49_43del	NA	Exon1	Start codon loss	P	Yes	Discordant	 	KPK006	No	ND	c.2985+2_2985+4del	NA	Intron12	Splicing	P	Yes	Discordant	 	KPK007	Yes	ND	c.10709_10760dup	p.W3588Gfs*56	Exon36	Frameshift	P	Yes	Discordant	 	KPK008	Yes	ND	c.2098-107G>A	NA	Intron10	Splicing	VUS	Yes	Discordant	 	"
40069205	fulltext	TABLE	hgvs	c.8161+1G>A	"Sample	With family history	SRS	LRS	Concordance analysis	 	Nucleotide	Nucleotide	Amino acid	Region	Type	Pathogenicity	Novel	 	KPK001	Yes	ND	c.160_166dup	p.L56Pfs*60	Exon1	Frameshift	P	No	Discordant	 	KPK002	Yes	ND	c.160_166dup	p.L56Pfs*60	Exon1	Frameshift	P	No	Discordant	 	KPK003	Yes	ND	c.2180T>C	p.L727P	Exon11	Missense	LP	No	Discordant	 	KPK004	Yes	ND	c.8161+1G>A	NA	Intron22	Splicing	P	No	Discordant	 	KPK005	Yes	ND	c.-49_43del	NA	Exon1	Start codon loss	P	Yes	Discordant	 	KPK006	No	ND	c.2985+2_2985+4del	NA	Intron12	Splicing	P	Yes	Discordant	 	KPK007	Yes	ND	c.10709_10760dup	p.W3588Gfs*56	Exon36	Frameshift	P	Yes	Discordant	 	KPK008	Yes	ND	c.2098-107G>A	NA	Intron10	Splicing	VUS	Yes	Discordant	 	"
40069205	fulltext	TABLE	hgvs	c.-49_43del	"Sample	With family history	SRS	LRS	Concordance analysis	 	Nucleotide	Nucleotide	Amino acid	Region	Type	Pathogenicity	Novel	 	KPK001	Yes	ND	c.160_166dup	p.L56Pfs*60	Exon1	Frameshift	P	No	Discordant	 	KPK002	Yes	ND	c.160_166dup	p.L56Pfs*60	Exon1	Frameshift	P	No	Discordant	 	KPK003	Yes	ND	c.2180T>C	p.L727P	Exon11	Missense	LP	No	Discordant	 	KPK004	Yes	ND	c.8161+1G>A	NA	Intron22	Splicing	P	No	Discordant	 	KPK005	Yes	ND	c.-49_43del	NA	Exon1	Start codon loss	P	Yes	Discordant	 	KPK006	No	ND	c.2985+2_2985+4del	NA	Intron12	Splicing	P	Yes	Discordant	 	KPK007	Yes	ND	c.10709_10760dup	p.W3588Gfs*56	Exon36	Frameshift	P	Yes	Discordant	 	KPK008	Yes	ND	c.2098-107G>A	NA	Intron10	Splicing	VUS	Yes	Discordant	 	"
40069205	fulltext	TABLE	hgvs	c.2985+2_2985+4del	"Sample	With family history	SRS	LRS	Concordance analysis	 	Nucleotide	Nucleotide	Amino acid	Region	Type	Pathogenicity	Novel	 	KPK001	Yes	ND	c.160_166dup	p.L56Pfs*60	Exon1	Frameshift	P	No	Discordant	 	KPK002	Yes	ND	c.160_166dup	p.L56Pfs*60	Exon1	Frameshift	P	No	Discordant	 	KPK003	Yes	ND	c.2180T>C	p.L727P	Exon11	Missense	LP	No	Discordant	 	KPK004	Yes	ND	c.8161+1G>A	NA	Intron22	Splicing	P	No	Discordant	 	KPK005	Yes	ND	c.-49_43del	NA	Exon1	Start codon loss	P	Yes	Discordant	 	KPK006	No	ND	c.2985+2_2985+4del	NA	Intron12	Splicing	P	Yes	Discordant	 	KPK007	Yes	ND	c.10709_10760dup	p.W3588Gfs*56	Exon36	Frameshift	P	Yes	Discordant	 	KPK008	Yes	ND	c.2098-107G>A	NA	Intron10	Splicing	VUS	Yes	Discordant	 	"
40069205	fulltext	TABLE	hgvs	c.10709_10760dup	"Sample	With family history	SRS	LRS	Concordance analysis	 	Nucleotide	Nucleotide	Amino acid	Region	Type	Pathogenicity	Novel	 	KPK001	Yes	ND	c.160_166dup	p.L56Pfs*60	Exon1	Frameshift	P	No	Discordant	 	KPK002	Yes	ND	c.160_166dup	p.L56Pfs*60	Exon1	Frameshift	P	No	Discordant	 	KPK003	Yes	ND	c.2180T>C	p.L727P	Exon11	Missense	LP	No	Discordant	 	KPK004	Yes	ND	c.8161+1G>A	NA	Intron22	Splicing	P	No	Discordant	 	KPK005	Yes	ND	c.-49_43del	NA	Exon1	Start codon loss	P	Yes	Discordant	 	KPK006	No	ND	c.2985+2_2985+4del	NA	Intron12	Splicing	P	Yes	Discordant	 	KPK007	Yes	ND	c.10709_10760dup	p.W3588Gfs*56	Exon36	Frameshift	P	Yes	Discordant	 	KPK008	Yes	ND	c.2098-107G>A	NA	Intron10	Splicing	VUS	Yes	Discordant	 	"
40069205	fulltext	TABLE	hgvs	c.2098-107G>A	"Sample	With family history	SRS	LRS	Concordance analysis	 	Nucleotide	Nucleotide	Amino acid	Region	Type	Pathogenicity	Novel	 	KPK001	Yes	ND	c.160_166dup	p.L56Pfs*60	Exon1	Frameshift	P	No	Discordant	 	KPK002	Yes	ND	c.160_166dup	p.L56Pfs*60	Exon1	Frameshift	P	No	Discordant	 	KPK003	Yes	ND	c.2180T>C	p.L727P	Exon11	Missense	LP	No	Discordant	 	KPK004	Yes	ND	c.8161+1G>A	NA	Intron22	Splicing	P	No	Discordant	 	KPK005	Yes	ND	c.-49_43del	NA	Exon1	Start codon loss	P	Yes	Discordant	 	KPK006	No	ND	c.2985+2_2985+4del	NA	Intron12	Splicing	P	Yes	Discordant	 	KPK007	Yes	ND	c.10709_10760dup	p.W3588Gfs*56	Exon36	Frameshift	P	Yes	Discordant	 	KPK008	Yes	ND	c.2098-107G>A	NA	Intron10	Splicing	VUS	Yes	Discordant	 	"
40069205	fulltext	TABLE	hgvs	c.10984C>T	"Sample	With family history	SRS	LRS	Concordance analysis	 	Nucleotide	Nucleotide	Amino acid	Region	Type	Pathogenicity	Novel	 	KPK001	Yes	ND	c.160_166dup	p.L56Pfs*60	Exon1	Frameshift	P	No	Discordant	 	KPK002	Yes	ND	c.160_166dup	p.L56Pfs*60	Exon1	Frameshift	P	No	Discordant	 	KPK003	Yes	ND	c.2180T>C	p.L727P	Exon11	Missense	LP	No	Discordant	 	KPK004	Yes	ND	c.8161+1G>A	NA	Intron22	Splicing	P	No	Discordant	 	KPK005	Yes	ND	c.-49_43del	NA	Exon1	Start codon loss	P	Yes	Discordant	 	KPK006	No	ND	c.2985+2_2985+4del	NA	Intron12	Splicing	P	Yes	Discordant	 	KPK007	Yes	ND	c.10709_10760dup	p.W3588Gfs*56	Exon36	Frameshift	P	Yes	Discordant	 	KPK008	Yes	ND	c.2098-107G>A	NA	Intron10	Splicing	VUS	Yes	Discordant	 	"
40069205	fulltext	TABLE	hgvs	c.12408G>T	"Sample	With family history	SRS	LRS	Concordance analysis	 	Nucleotide	Nucleotide	Amino acid	Region	Type	Pathogenicity	Novel	 	KPK001	Yes	ND	c.160_166dup	p.L56Pfs*60	Exon1	Frameshift	P	No	Discordant	 	KPK002	Yes	ND	c.160_166dup	p.L56Pfs*60	Exon1	Frameshift	P	No	Discordant	 	KPK003	Yes	ND	c.2180T>C	p.L727P	Exon11	Missense	LP	No	Discordant	 	KPK004	Yes	ND	c.8161+1G>A	NA	Intron22	Splicing	P	No	Discordant	 	KPK005	Yes	ND	c.-49_43del	NA	Exon1	Start codon loss	P	Yes	Discordant	 	KPK006	No	ND	c.2985+2_2985+4del	NA	Intron12	Splicing	P	Yes	Discordant	 	KPK007	Yes	ND	c.10709_10760dup	p.W3588Gfs*56	Exon36	Frameshift	P	Yes	Discordant	 	KPK008	Yes	ND	c.2098-107G>A	NA	Intron10	Splicing	VUS	Yes	Discordant	 	"
40069205	fulltext	TABLE	hgvs	c.11712+81_11713-100del	"Sample	With family history	SRS	LRS	Concordance analysis	 	Nucleotide	Nucleotide	Amino acid	Region	Type	Pathogenicity	Novel	 	KPK001	Yes	ND	c.160_166dup	p.L56Pfs*60	Exon1	Frameshift	P	No	Discordant	 	KPK002	Yes	ND	c.160_166dup	p.L56Pfs*60	Exon1	Frameshift	P	No	Discordant	 	KPK003	Yes	ND	c.2180T>C	p.L727P	Exon11	Missense	LP	No	Discordant	 	KPK004	Yes	ND	c.8161+1G>A	NA	Intron22	Splicing	P	No	Discordant	 	KPK005	Yes	ND	c.-49_43del	NA	Exon1	Start codon loss	P	Yes	Discordant	 	KPK006	No	ND	c.2985+2_2985+4del	NA	Intron12	Splicing	P	Yes	Discordant	 	KPK007	Yes	ND	c.10709_10760dup	p.W3588Gfs*56	Exon36	Frameshift	P	Yes	Discordant	 	KPK008	Yes	ND	c.2098-107G>A	NA	Intron10	Splicing	VUS	Yes	Discordant	 	"
40069205	fulltext	TABLE	hgvs	c.8949-14C>G	"Sample	With family history	SRS	LRS	Concordance analysis	 	Nucleotide	Nucleotide	Amino acid	Region	Type	Pathogenicity	Novel	 	KPK001	Yes	ND	c.160_166dup	p.L56Pfs*60	Exon1	Frameshift	P	No	Discordant	 	KPK002	Yes	ND	c.160_166dup	p.L56Pfs*60	Exon1	Frameshift	P	No	Discordant	 	KPK003	Yes	ND	c.2180T>C	p.L727P	Exon11	Missense	LP	No	Discordant	 	KPK004	Yes	ND	c.8161+1G>A	NA	Intron22	Splicing	P	No	Discordant	 	KPK005	Yes	ND	c.-49_43del	NA	Exon1	Start codon loss	P	Yes	Discordant	 	KPK006	No	ND	c.2985+2_2985+4del	NA	Intron12	Splicing	P	Yes	Discordant	 	KPK007	Yes	ND	c.10709_10760dup	p.W3588Gfs*56	Exon36	Frameshift	P	Yes	Discordant	 	KPK008	Yes	ND	c.2098-107G>A	NA	Intron10	Splicing	VUS	Yes	Discordant	 	"
40069205	fulltext	TABLE	hgvs	c.9193G>A	"Sample	With family history	SRS	LRS	Concordance analysis	 	Nucleotide	Nucleotide	Amino acid	Region	Type	Pathogenicity	Novel	 	KPK001	Yes	ND	c.160_166dup	p.L56Pfs*60	Exon1	Frameshift	P	No	Discordant	 	KPK002	Yes	ND	c.160_166dup	p.L56Pfs*60	Exon1	Frameshift	P	No	Discordant	 	KPK003	Yes	ND	c.2180T>C	p.L727P	Exon11	Missense	LP	No	Discordant	 	KPK004	Yes	ND	c.8161+1G>A	NA	Intron22	Splicing	P	No	Discordant	 	KPK005	Yes	ND	c.-49_43del	NA	Exon1	Start codon loss	P	Yes	Discordant	 	KPK006	No	ND	c.2985+2_2985+4del	NA	Intron12	Splicing	P	Yes	Discordant	 	KPK007	Yes	ND	c.10709_10760dup	p.W3588Gfs*56	Exon36	Frameshift	P	Yes	Discordant	 	KPK008	Yes	ND	c.2098-107G>A	NA	Intron10	Splicing	VUS	Yes	Discordant	 	"
40069205	fulltext	TABLE	hgvs	c.9789G>T	"Sample	With family history	SRS	LRS	Concordance analysis	 	Nucleotide	Nucleotide	Amino acid	Region	Type	Pathogenicity	Novel	 	KPK001	Yes	ND	c.160_166dup	p.L56Pfs*60	Exon1	Frameshift	P	No	Discordant	 	KPK002	Yes	ND	c.160_166dup	p.L56Pfs*60	Exon1	Frameshift	P	No	Discordant	 	KPK003	Yes	ND	c.2180T>C	p.L727P	Exon11	Missense	LP	No	Discordant	 	KPK004	Yes	ND	c.8161+1G>A	NA	Intron22	Splicing	P	No	Discordant	 	KPK005	Yes	ND	c.-49_43del	NA	Exon1	Start codon loss	P	Yes	Discordant	 	KPK006	No	ND	c.2985+2_2985+4del	NA	Intron12	Splicing	P	Yes	Discordant	 	KPK007	Yes	ND	c.10709_10760dup	p.W3588Gfs*56	Exon36	Frameshift	P	Yes	Discordant	 	KPK008	Yes	ND	c.2098-107G>A	NA	Intron10	Splicing	VUS	Yes	Discordant	 	"
40069205	fulltext	TABLE	hgvs	c.191G>C	"Sample	With family history	SRS	LRS	Concordance analysis	 	Nucleotide	Nucleotide	Amino acid	Region	Type	Pathogenicity	Novel	 	KPK001	Yes	ND	c.160_166dup	p.L56Pfs*60	Exon1	Frameshift	P	No	Discordant	 	KPK002	Yes	ND	c.160_166dup	p.L56Pfs*60	Exon1	Frameshift	P	No	Discordant	 	KPK003	Yes	ND	c.2180T>C	p.L727P	Exon11	Missense	LP	No	Discordant	 	KPK004	Yes	ND	c.8161+1G>A	NA	Intron22	Splicing	P	No	Discordant	 	KPK005	Yes	ND	c.-49_43del	NA	Exon1	Start codon loss	P	Yes	Discordant	 	KPK006	No	ND	c.2985+2_2985+4del	NA	Intron12	Splicing	P	Yes	Discordant	 	KPK007	Yes	ND	c.10709_10760dup	p.W3588Gfs*56	Exon36	Frameshift	P	Yes	Discordant	 	KPK008	Yes	ND	c.2098-107G>A	NA	Intron10	Splicing	VUS	Yes	Discordant	 	"
40069205	fulltext	TABLE	hgvs	c.386G>A	"Sample	With family history	SRS	LRS	Concordance analysis	 	Nucleotide	Nucleotide	Amino acid	Region	Type	Pathogenicity	Novel	 	KPK001	Yes	ND	c.160_166dup	p.L56Pfs*60	Exon1	Frameshift	P	No	Discordant	 	KPK002	Yes	ND	c.160_166dup	p.L56Pfs*60	Exon1	Frameshift	P	No	Discordant	 	KPK003	Yes	ND	c.2180T>C	p.L727P	Exon11	Missense	LP	No	Discordant	 	KPK004	Yes	ND	c.8161+1G>A	NA	Intron22	Splicing	P	No	Discordant	 	KPK005	Yes	ND	c.-49_43del	NA	Exon1	Start codon loss	P	Yes	Discordant	 	KPK006	No	ND	c.2985+2_2985+4del	NA	Intron12	Splicing	P	Yes	Discordant	 	KPK007	Yes	ND	c.10709_10760dup	p.W3588Gfs*56	Exon36	Frameshift	P	Yes	Discordant	 	KPK008	Yes	ND	c.2098-107G>A	NA	Intron10	Splicing	VUS	Yes	Discordant	 	"
40069205	fulltext	TABLE	hgvs	c.1386-11C>G	"Sample	With family history	SRS	LRS	Concordance analysis	 	Nucleotide	Nucleotide	Amino acid	Region	Type	Pathogenicity	Novel	 	KPK001	Yes	ND	c.160_166dup	p.L56Pfs*60	Exon1	Frameshift	P	No	Discordant	 	KPK002	Yes	ND	c.160_166dup	p.L56Pfs*60	Exon1	Frameshift	P	No	Discordant	 	KPK003	Yes	ND	c.2180T>C	p.L727P	Exon11	Missense	LP	No	Discordant	 	KPK004	Yes	ND	c.8161+1G>A	NA	Intron22	Splicing	P	No	Discordant	 	KPK005	Yes	ND	c.-49_43del	NA	Exon1	Start codon loss	P	Yes	Discordant	 	KPK006	No	ND	c.2985+2_2985+4del	NA	Intron12	Splicing	P	Yes	Discordant	 	KPK007	Yes	ND	c.10709_10760dup	p.W3588Gfs*56	Exon36	Frameshift	P	Yes	Discordant	 	KPK008	Yes	ND	c.2098-107G>A	NA	Intron10	Splicing	VUS	Yes	Discordant	 	"
40069205	fulltext	TABLE	hgvs	c.1676C>T	"Sample	With family history	SRS	LRS	Concordance analysis	 	Nucleotide	Nucleotide	Amino acid	Region	Type	Pathogenicity	Novel	 	KPK001	Yes	ND	c.160_166dup	p.L56Pfs*60	Exon1	Frameshift	P	No	Discordant	 	KPK002	Yes	ND	c.160_166dup	p.L56Pfs*60	Exon1	Frameshift	P	No	Discordant	 	KPK003	Yes	ND	c.2180T>C	p.L727P	Exon11	Missense	LP	No	Discordant	 	KPK004	Yes	ND	c.8161+1G>A	NA	Intron22	Splicing	P	No	Discordant	 	KPK005	Yes	ND	c.-49_43del	NA	Exon1	Start codon loss	P	Yes	Discordant	 	KPK006	No	ND	c.2985+2_2985+4del	NA	Intron12	Splicing	P	Yes	Discordant	 	KPK007	Yes	ND	c.10709_10760dup	p.W3588Gfs*56	Exon36	Frameshift	P	Yes	Discordant	 	KPK008	Yes	ND	c.2098-107G>A	NA	Intron10	Splicing	VUS	Yes	Discordant	 	"
40069205	fulltext	TABLE	hgvs	c.1781T>C	"Sample	With family history	SRS	LRS	Concordance analysis	 	Nucleotide	Nucleotide	Amino acid	Region	Type	Pathogenicity	Novel	 	KPK001	Yes	ND	c.160_166dup	p.L56Pfs*60	Exon1	Frameshift	P	No	Discordant	 	KPK002	Yes	ND	c.160_166dup	p.L56Pfs*60	Exon1	Frameshift	P	No	Discordant	 	KPK003	Yes	ND	c.2180T>C	p.L727P	Exon11	Missense	LP	No	Discordant	 	KPK004	Yes	ND	c.8161+1G>A	NA	Intron22	Splicing	P	No	Discordant	 	KPK005	Yes	ND	c.-49_43del	NA	Exon1	Start codon loss	P	Yes	Discordant	 	KPK006	No	ND	c.2985+2_2985+4del	NA	Intron12	Splicing	P	Yes	Discordant	 	KPK007	Yes	ND	c.10709_10760dup	p.W3588Gfs*56	Exon36	Frameshift	P	Yes	Discordant	 	KPK008	Yes	ND	c.2098-107G>A	NA	Intron10	Splicing	VUS	Yes	Discordant	 	"
40069205	fulltext	TABLE	hgvs	c.2153A>C	"Sample	With family history	SRS	LRS	Concordance analysis	 	Nucleotide	Nucleotide	Amino acid	Region	Type	Pathogenicity	Novel	 	KPK001	Yes	ND	c.160_166dup	p.L56Pfs*60	Exon1	Frameshift	P	No	Discordant	 	KPK002	Yes	ND	c.160_166dup	p.L56Pfs*60	Exon1	Frameshift	P	No	Discordant	 	KPK003	Yes	ND	c.2180T>C	p.L727P	Exon11	Missense	LP	No	Discordant	 	KPK004	Yes	ND	c.8161+1G>A	NA	Intron22	Splicing	P	No	Discordant	 	KPK005	Yes	ND	c.-49_43del	NA	Exon1	Start codon loss	P	Yes	Discordant	 	KPK006	No	ND	c.2985+2_2985+4del	NA	Intron12	Splicing	P	Yes	Discordant	 	KPK007	Yes	ND	c.10709_10760dup	p.W3588Gfs*56	Exon36	Frameshift	P	Yes	Discordant	 	KPK008	Yes	ND	c.2098-107G>A	NA	Intron10	Splicing	VUS	Yes	Discordant	 	"
40069205	fulltext	TABLE	hgvs	c.4573G>T	"Sample	With family history	SRS	LRS	Concordance analysis	 	Nucleotide	Nucleotide	Amino acid	Region	Type	Pathogenicity	Novel	 	KPK001	Yes	ND	c.160_166dup	p.L56Pfs*60	Exon1	Frameshift	P	No	Discordant	 	KPK002	Yes	ND	c.160_166dup	p.L56Pfs*60	Exon1	Frameshift	P	No	Discordant	 	KPK003	Yes	ND	c.2180T>C	p.L727P	Exon11	Missense	LP	No	Discordant	 	KPK004	Yes	ND	c.8161+1G>A	NA	Intron22	Splicing	P	No	Discordant	 	KPK005	Yes	ND	c.-49_43del	NA	Exon1	Start codon loss	P	Yes	Discordant	 	KPK006	No	ND	c.2985+2_2985+4del	NA	Intron12	Splicing	P	Yes	Discordant	 	KPK007	Yes	ND	c.10709_10760dup	p.W3588Gfs*56	Exon36	Frameshift	P	Yes	Discordant	 	KPK008	Yes	ND	c.2098-107G>A	NA	Intron10	Splicing	VUS	Yes	Discordant	 	"
40069205	fulltext	TABLE	hgvs	c.4999A>C	"Sample	With family history	SRS	LRS	Concordance analysis	 	Nucleotide	Nucleotide	Amino acid	Region	Type	Pathogenicity	Novel	 	KPK001	Yes	ND	c.160_166dup	p.L56Pfs*60	Exon1	Frameshift	P	No	Discordant	 	KPK002	Yes	ND	c.160_166dup	p.L56Pfs*60	Exon1	Frameshift	P	No	Discordant	 	KPK003	Yes	ND	c.2180T>C	p.L727P	Exon11	Missense	LP	No	Discordant	 	KPK004	Yes	ND	c.8161+1G>A	NA	Intron22	Splicing	P	No	Discordant	 	KPK005	Yes	ND	c.-49_43del	NA	Exon1	Start codon loss	P	Yes	Discordant	 	KPK006	No	ND	c.2985+2_2985+4del	NA	Intron12	Splicing	P	Yes	Discordant	 	KPK007	Yes	ND	c.10709_10760dup	p.W3588Gfs*56	Exon36	Frameshift	P	Yes	Discordant	 	KPK008	Yes	ND	c.2098-107G>A	NA	Intron10	Splicing	VUS	Yes	Discordant	 	"
40069205	fulltext	TABLE	hgvs	c.6170T>A	"Sample	With family history	SRS	LRS	Concordance analysis	 	Nucleotide	Nucleotide	Amino acid	Region	Type	Pathogenicity	Novel	 	KPK001	Yes	ND	c.160_166dup	p.L56Pfs*60	Exon1	Frameshift	P	No	Discordant	 	KPK002	Yes	ND	c.160_166dup	p.L56Pfs*60	Exon1	Frameshift	P	No	Discordant	 	KPK003	Yes	ND	c.2180T>C	p.L727P	Exon11	Missense	LP	No	Discordant	 	KPK004	Yes	ND	c.8161+1G>A	NA	Intron22	Splicing	P	No	Discordant	 	KPK005	Yes	ND	c.-49_43del	NA	Exon1	Start codon loss	P	Yes	Discordant	 	KPK006	No	ND	c.2985+2_2985+4del	NA	Intron12	Splicing	P	Yes	Discordant	 	KPK007	Yes	ND	c.10709_10760dup	p.W3588Gfs*56	Exon36	Frameshift	P	Yes	Discordant	 	KPK008	Yes	ND	c.2098-107G>A	NA	Intron10	Splicing	VUS	Yes	Discordant	 	"
40069205	fulltext	TABLE	hgvs	c.7587G>C	"Sample	With family history	SRS	LRS	Concordance analysis	 	Nucleotide	Nucleotide	Amino acid	Region	Type	Pathogenicity	Novel	 	KPK001	Yes	ND	c.160_166dup	p.L56Pfs*60	Exon1	Frameshift	P	No	Discordant	 	KPK002	Yes	ND	c.160_166dup	p.L56Pfs*60	Exon1	Frameshift	P	No	Discordant	 	KPK003	Yes	ND	c.2180T>C	p.L727P	Exon11	Missense	LP	No	Discordant	 	KPK004	Yes	ND	c.8161+1G>A	NA	Intron22	Splicing	P	No	Discordant	 	KPK005	Yes	ND	c.-49_43del	NA	Exon1	Start codon loss	P	Yes	Discordant	 	KPK006	No	ND	c.2985+2_2985+4del	NA	Intron12	Splicing	P	Yes	Discordant	 	KPK007	Yes	ND	c.10709_10760dup	p.W3588Gfs*56	Exon36	Frameshift	P	Yes	Discordant	 	KPK008	Yes	ND	c.2098-107G>A	NA	Intron10	Splicing	VUS	Yes	Discordant	 	"
40069205	fulltext	TABLE	hgvs	c.8501T>C	"Sample	With family history	SRS	LRS	Concordance analysis	 	Nucleotide	Nucleotide	Amino acid	Region	Type	Pathogenicity	Novel	 	KPK001	Yes	ND	c.160_166dup	p.L56Pfs*60	Exon1	Frameshift	P	No	Discordant	 	KPK002	Yes	ND	c.160_166dup	p.L56Pfs*60	Exon1	Frameshift	P	No	Discordant	 	KPK003	Yes	ND	c.2180T>C	p.L727P	Exon11	Missense	LP	No	Discordant	 	KPK004	Yes	ND	c.8161+1G>A	NA	Intron22	Splicing	P	No	Discordant	 	KPK005	Yes	ND	c.-49_43del	NA	Exon1	Start codon loss	P	Yes	Discordant	 	KPK006	No	ND	c.2985+2_2985+4del	NA	Intron12	Splicing	P	Yes	Discordant	 	KPK007	Yes	ND	c.10709_10760dup	p.W3588Gfs*56	Exon36	Frameshift	P	Yes	Discordant	 	KPK008	Yes	ND	c.2098-107G>A	NA	Intron10	Splicing	VUS	Yes	Discordant	 	"
40069205	fulltext	TABLE	hgvs	c.9559G>A	"Sample	With family history	SRS	LRS	Concordance analysis	 	Nucleotide	Nucleotide	Amino acid	Region	Type	Pathogenicity	Novel	 	KPK001	Yes	ND	c.160_166dup	p.L56Pfs*60	Exon1	Frameshift	P	No	Discordant	 	KPK002	Yes	ND	c.160_166dup	p.L56Pfs*60	Exon1	Frameshift	P	No	Discordant	 	KPK003	Yes	ND	c.2180T>C	p.L727P	Exon11	Missense	LP	No	Discordant	 	KPK004	Yes	ND	c.8161+1G>A	NA	Intron22	Splicing	P	No	Discordant	 	KPK005	Yes	ND	c.-49_43del	NA	Exon1	Start codon loss	P	Yes	Discordant	 	KPK006	No	ND	c.2985+2_2985+4del	NA	Intron12	Splicing	P	Yes	Discordant	 	KPK007	Yes	ND	c.10709_10760dup	p.W3588Gfs*56	Exon36	Frameshift	P	Yes	Discordant	 	KPK008	Yes	ND	c.2098-107G>A	NA	Intron10	Splicing	VUS	Yes	Discordant	 	"
40069205	fulltext	TABLE	hgvs	c.9758T>C	"Sample	With family history	SRS	LRS	Concordance analysis	 	Nucleotide	Nucleotide	Amino acid	Region	Type	Pathogenicity	Novel	 	KPK001	Yes	ND	c.160_166dup	p.L56Pfs*60	Exon1	Frameshift	P	No	Discordant	 	KPK002	Yes	ND	c.160_166dup	p.L56Pfs*60	Exon1	Frameshift	P	No	Discordant	 	KPK003	Yes	ND	c.2180T>C	p.L727P	Exon11	Missense	LP	No	Discordant	 	KPK004	Yes	ND	c.8161+1G>A	NA	Intron22	Splicing	P	No	Discordant	 	KPK005	Yes	ND	c.-49_43del	NA	Exon1	Start codon loss	P	Yes	Discordant	 	KPK006	No	ND	c.2985+2_2985+4del	NA	Intron12	Splicing	P	Yes	Discordant	 	KPK007	Yes	ND	c.10709_10760dup	p.W3588Gfs*56	Exon36	Frameshift	P	Yes	Discordant	 	KPK008	Yes	ND	c.2098-107G>A	NA	Intron10	Splicing	VUS	Yes	Discordant	 	"
40069205	fulltext	TABLE	hgvs	c.10785C>G	"Sample	With family history	SRS	LRS	Concordance analysis	 	Nucleotide	Nucleotide	Amino acid	Region	Type	Pathogenicity	Novel	 	KPK001	Yes	ND	c.160_166dup	p.L56Pfs*60	Exon1	Frameshift	P	No	Discordant	 	KPK002	Yes	ND	c.160_166dup	p.L56Pfs*60	Exon1	Frameshift	P	No	Discordant	 	KPK003	Yes	ND	c.2180T>C	p.L727P	Exon11	Missense	LP	No	Discordant	 	KPK004	Yes	ND	c.8161+1G>A	NA	Intron22	Splicing	P	No	Discordant	 	KPK005	Yes	ND	c.-49_43del	NA	Exon1	Start codon loss	P	Yes	Discordant	 	KPK006	No	ND	c.2985+2_2985+4del	NA	Intron12	Splicing	P	Yes	Discordant	 	KPK007	Yes	ND	c.10709_10760dup	p.W3588Gfs*56	Exon36	Frameshift	P	Yes	Discordant	 	KPK008	Yes	ND	c.2098-107G>A	NA	Intron10	Splicing	VUS	Yes	Discordant	 	"
40069205	fulltext	TABLE	hgvs	c.11588T>C	"Sample	With family history	SRS	LRS	Concordance analysis	 	Nucleotide	Nucleotide	Amino acid	Region	Type	Pathogenicity	Novel	 	KPK001	Yes	ND	c.160_166dup	p.L56Pfs*60	Exon1	Frameshift	P	No	Discordant	 	KPK002	Yes	ND	c.160_166dup	p.L56Pfs*60	Exon1	Frameshift	P	No	Discordant	 	KPK003	Yes	ND	c.2180T>C	p.L727P	Exon11	Missense	LP	No	Discordant	 	KPK004	Yes	ND	c.8161+1G>A	NA	Intron22	Splicing	P	No	Discordant	 	KPK005	Yes	ND	c.-49_43del	NA	Exon1	Start codon loss	P	Yes	Discordant	 	KPK006	No	ND	c.2985+2_2985+4del	NA	Intron12	Splicing	P	Yes	Discordant	 	KPK007	Yes	ND	c.10709_10760dup	p.W3588Gfs*56	Exon36	Frameshift	P	Yes	Discordant	 	KPK008	Yes	ND	c.2098-107G>A	NA	Intron10	Splicing	VUS	Yes	Discordant	 	"
40069205	fulltext	TABLE	hgvs	c.12048C>T	"Sample	With family history	SRS	LRS	Concordance analysis	 	Nucleotide	Nucleotide	Amino acid	Region	Type	Pathogenicity	Novel	 	KPK001	Yes	ND	c.160_166dup	p.L56Pfs*60	Exon1	Frameshift	P	No	Discordant	 	KPK002	Yes	ND	c.160_166dup	p.L56Pfs*60	Exon1	Frameshift	P	No	Discordant	 	KPK003	Yes	ND	c.2180T>C	p.L727P	Exon11	Missense	LP	No	Discordant	 	KPK004	Yes	ND	c.8161+1G>A	NA	Intron22	Splicing	P	No	Discordant	 	KPK005	Yes	ND	c.-49_43del	NA	Exon1	Start codon loss	P	Yes	Discordant	 	KPK006	No	ND	c.2985+2_2985+4del	NA	Intron12	Splicing	P	Yes	Discordant	 	KPK007	Yes	ND	c.10709_10760dup	p.W3588Gfs*56	Exon36	Frameshift	P	Yes	Discordant	 	KPK008	Yes	ND	c.2098-107G>A	NA	Intron10	Splicing	VUS	Yes	Discordant	 	"
40069205	fulltext	TABLE	hgvs	c.1607-76C>T	"Sample	With family history	SRS	LRS	Concordance analysis	 	Nucleotide	Nucleotide	Amino acid	Region	Type	Pathogenicity	Novel	 	KPK001	Yes	ND	c.160_166dup	p.L56Pfs*60	Exon1	Frameshift	P	No	Discordant	 	KPK002	Yes	ND	c.160_166dup	p.L56Pfs*60	Exon1	Frameshift	P	No	Discordant	 	KPK003	Yes	ND	c.2180T>C	p.L727P	Exon11	Missense	LP	No	Discordant	 	KPK004	Yes	ND	c.8161+1G>A	NA	Intron22	Splicing	P	No	Discordant	 	KPK005	Yes	ND	c.-49_43del	NA	Exon1	Start codon loss	P	Yes	Discordant	 	KPK006	No	ND	c.2985+2_2985+4del	NA	Intron12	Splicing	P	Yes	Discordant	 	KPK007	Yes	ND	c.10709_10760dup	p.W3588Gfs*56	Exon36	Frameshift	P	Yes	Discordant	 	KPK008	Yes	ND	c.2098-107G>A	NA	Intron10	Splicing	VUS	Yes	Discordant	 	"
40069205	fulltext	FIG	hgvs	c.160_166dup	A–C IGV plots of LRS CCS reads and SRS reads showing PKD1:c.160_166dup (A), PKD1:c.2180T>C (B), and PKD1:c.8161+1G>A (C).
40069205	fulltext	FIG	hgvs	c.2180T>C	A–C IGV plots of LRS CCS reads and SRS reads showing PKD1:c.160_166dup (A), PKD1:c.2180T>C (B), and PKD1:c.8161+1G>A (C).
40069205	fulltext	FIG	hgvs	c.8161+1G>A	A–C IGV plots of LRS CCS reads and SRS reads showing PKD1:c.160_166dup (A), PKD1:c.2180T>C (B), and PKD1:c.8161+1G>A (C).
40069205	fulltext	RESULTS	hgvs	c.160_166dup	Among the four patients with microgene conversions, two patients harbored the same frameshift variant PKD1:c.160_166dup, which was a duplication of 7 nucleotides in exon 1 and existed in four pseudogenes (PKD1P1/3/5/6) (Fig. 2A).
40069205	fulltext	RESULTS	hgvs	c.2180T>C	Patient KPK003 had a missense variant PKD1:c.2180T>C in exon 11, and this variant also located in five pseudogenes (PKD1P1/2/3/4/5) (Fig. 2B).
40069205	fulltext	RESULTS	hgvs	c.8161+1G>A	The splice site variant PKD1:c.8161+1G>A, identified in patient KPK004, was affecting intron 22 and located in three pseudogenes (PKD1P1/3/4) (Fig. 2C).
40069205	fulltext	FIG	hgvs	c.-49_43del	A–C IGV plots of LRS CCS reads and SRS reads showing PKD1:c.-49_43del (A), PKD1:c.2985+2_2985+4del (B), and PKD1:c.10709_10760dup (C).
40069205	fulltext	FIG	hgvs	c.2985+2_2985+4del	A–C IGV plots of LRS CCS reads and SRS reads showing PKD1:c.-49_43del (A), PKD1:c.2985+2_2985+4del (B), and PKD1:c.10709_10760dup (C).
40069205	fulltext	FIG	hgvs	c.10709_10760dup	A–C IGV plots of LRS CCS reads and SRS reads showing PKD1:c.-49_43del (A), PKD1:c.2985+2_2985+4del (B), and PKD1:c.10709_10760dup (C).
40069205	fulltext	FIG	hgvs	c.1607-76C>T	D IGV plots of LRS CCS reads and SRS reads showing two deep intronic variants, PKD1:c.1607-76C>T and PKD1:c.2908-107G>A.
40069205	fulltext	FIG	hgvs	c.2908-107G>A	D IGV plots of LRS CCS reads and SRS reads showing two deep intronic variants, PKD1:c.1607-76C>T and PKD1:c.2908-107G>A.
40069205	fulltext	FIG	hgvs	c.2908-107G>A	E Amplification of cDNA showing the existence of an alternative transcript caused by the variant PKD1:c.2908-107G>A.
40069205	fulltext	FIG	hgvs	c.2908-107G>A	F Diagram showing the transcription of 111-bp pseudoexon led to inframe insertion of 37 amino acids caused by the variant PKD1:c.2908-107G>A.
40069205	fulltext	FIG	hgvs	c.2908-107G>A	G The pedigree, phenotypes and genotypes of the family of KPK008 with the variant PKD1:c.2908-107G>A.
40069205	fulltext	RESULTS	hgvs	c.-49	LRS also detected two small deletions of PKD1:c.-49_+43del and PKD1:c.2985+2_2985+4del, and one small duplication of PKD1:c.10709_10760dup in three individual samples (Fig. 3A–C).
40069205	fulltext	RESULTS	hgvs	c.2985+2_2985+4del	LRS also detected two small deletions of PKD1:c.-49_+43del and PKD1:c.2985+2_2985+4del, and one small duplication of PKD1:c.10709_10760dup in three individual samples (Fig. 3A–C).
40069205	fulltext	RESULTS	hgvs	c.10709_10760dup	LRS also detected two small deletions of PKD1:c.-49_+43del and PKD1:c.2985+2_2985+4del, and one small duplication of PKD1:c.10709_10760dup in three individual samples (Fig. 3A–C).
40069205	fulltext	RESULTS	hgvs	c.11713-30_11713-63dup	Of note, LRS also identified a benign 34-bp duplication of PKD1:c.11713-30_11713-63dup in sample KPK007 (Fig. 3C).
40069205	fulltext	RESULTS	hgvs	c.1607-76C>T	In addition, LRS identified two deep intronic variants, PKD1:c.1607-76C>T in patient KPK036 and PKD1:c.2908-107G>A in patient KPK008 (Fig. 3D).
40069205	fulltext	RESULTS	hgvs	c.2908-107G>A	In addition, LRS identified two deep intronic variants, PKD1:c.1607-76C>T in patient KPK036 and PKD1:c.2908-107G>A in patient KPK008 (Fig. 3D).
40069205	fulltext	RESULTS	hgvs	c.2908-107G>A	The SRS coverage of the PKD1:c.2908-107G>A region in patient KPK008 was only 15x (Fig. 3D), which hampered the calling of the variant.
40069205	fulltext	RESULTS	hgvs	c.1607-76C>T	RT-PCR sequencing proved that PKD1:c.1607-76C>T did not affect the splicing and was a likely benign variant (Supplementary Fig. 2G).
40069205	fulltext	RESULTS	hgvs	c.2908-107G>A	However, RT-PCR analysis revealed that PKD1:c.2908-107G>A created a new splice acceptor site, leading to the inclusion of a 111-nucleotide pseudoexon.
40069205	fulltext	RESULTS	hgvs	c.2908-107G>A	Moreover, pedigree analysis of 15 family members from three generations showed PKD1:c.2908-107G>A was likely pathogenic because the variant was co-segregated with ADPKD phenotype within the family (Fig. 3G).
40069205	fulltext	RESULTS	hgvs	c.12048C>T	Both LRS and SRS identified the variant PKD1:c.12048C>T in patient KPK035 (Table 1).
40069205	fulltext	RESULTS	hgvs	c.12048C>T	Thus, PKD1:c.12048C>T was reclassified as a pathogenic variant by considering the newly added evidence.
40069205	fulltext	RESULTS	hgvs	c.10984C>T	In patient KPK009, the variants of PKD1:c.10984C>T and c.11712+81_11713-100del were found to be located on one allele, while variant c.12408G>T was located on the other allele (Fig. 3H).
40069205	fulltext	RESULTS	hgvs	c.11712+81_11713-100del	In patient KPK009, the variants of PKD1:c.10984C>T and c.11712+81_11713-100del were found to be located on one allele, while variant c.12408G>T was located on the other allele (Fig. 3H).
40069205	fulltext	RESULTS	hgvs	c.12408G>T	In patient KPK009, the variants of PKD1:c.10984C>T and c.11712+81_11713-100del were found to be located on one allele, while variant c.12408G>T was located on the other allele (Fig. 3H).
40069205	fulltext	RESULTS	hgvs	c.8949-14C>G	LRS also determined variants PKD1:c.8949-14C>G, c.9193G>A and c.9789G>T were in cis-configuration in patient KPK010 (Fig. 3I), which has been reported in another ADPKD patient.
40069205	fulltext	RESULTS	hgvs	c.9193G>A	LRS also determined variants PKD1:c.8949-14C>G, c.9193G>A and c.9789G>T were in cis-configuration in patient KPK010 (Fig. 3I), which has been reported in another ADPKD patient.
40069205	fulltext	RESULTS	hgvs	c.9789G>T	LRS also determined variants PKD1:c.8949-14C>G, c.9193G>A and c.9789G>T were in cis-configuration in patient KPK010 (Fig. 3I), which has been reported in another ADPKD patient.
40069205	fulltext	DISCUSS	hgvs	c.-49_43del	In this cohort study, SRS panel failed to detect two intermediate sizes of indels including PKD1:c.-49_43del and PKD1:c.10709_10760dup.
40069205	fulltext	DISCUSS	hgvs	c.10709_10760dup	In this cohort study, SRS panel failed to detect two intermediate sizes of indels including PKD1:c.-49_43del and PKD1:c.10709_10760dup.
40069205	fulltext	DISCUSS	hgvs	c.2985+2	Surprisingly, SRS also failed to detect a 3-bp deletion PKD1:c.2985+2_c.2985+4del.
40069205	fulltext	DISCUSS	hgvs	c.1607-76C>T	In this study, LRS identified two novel deep intronic variants PKD1:c.1607-76C>T and PKD1:c.2908-107G>A that were undetectable in SRS panel.
40069205	fulltext	DISCUSS	hgvs	c.2908-107G>A	In this study, LRS identified two novel deep intronic variants PKD1:c.1607-76C>T and PKD1:c.2908-107G>A that were undetectable in SRS panel.
40069205	fulltext	DISCUSS	hgvs	c.1607-76C>T	RT-PCR analysis showed that PKD1:c.1607-76C>T did not affect the splicing, but PKD1:c.2908-107G>A led to the inclusion of a 111-nucleotide pseudoexon with an inframe insertion of 37 amino acids.
40069205	fulltext	DISCUSS	hgvs	c.2908-107G>A	RT-PCR analysis showed that PKD1:c.1607-76C>T did not affect the splicing, but PKD1:c.2908-107G>A led to the inclusion of a 111-nucleotide pseudoexon with an inframe insertion of 37 amino acids.
40069205	fulltext	DISCUSS	hgvs	c.2908-107G>A	Pedigree analysis proved PKD1:c.2908-107G>A was co-segregated with ADPKD phenotype and was a likely pathogenic variant.
40069205	fulltext	DISCUSS	hgvs	c.2908-107G>A	The identification of the c.2908-107G>A variant and its effect on splicing illustrated the potential of LRS to expand our understanding of the mutational spectrum in ADPKD.
40069205	fulltext	DISCUSS	hgvs	c.12048C>T	Here, we found that the synonymous variant PKD1:c.12048C>T caused a 62-bp deletion transcript and thus frameshift of translation by RT-PCR.
41006799	fulltext	p	hgvs	c.−69dupG	We then designed a PKD1 5′UTR-luciferase translation assay to characterise these variants in vitro, which showed that a PKD1 variant c.−69dupG, reduced the translation efficiency of the main PKD1 open reading frame by ~87% compared to wildtype (p < 0.0001).
41006799	fulltext	p	hgvs	c.−52C>T	All candidate variants assessed were compared to wildtype, and a predicted benign variant (c.−52C>T).
41006799	fulltext	p	hgvs	c.−69dupG	We identified via genome sequencing analysis a single nucleotide duplication within the PKD1 5′UTR, NM_001009944.3:c.−69dupG; NC_000016.10:g.2135757_2135758insC (Dec.2013: hg38, GRCh38) in a male proband (RBW402, supplementary Fig. 1) with a clinical diagnosis of ADPKD, without a significant family history (Fig. 2A).
41006799	fulltext	p	hgvs	g.2135757_2135758insC	We identified via genome sequencing analysis a single nucleotide duplication within the PKD1 5′UTR, NM_001009944.3:c.−69dupG; NC_000016.10:g.2135757_2135758insC (Dec.2013: hg38, GRCh38) in a male proband (RBW402, supplementary Fig. 1) with a clinical diagnosis of ADPKD, without a significant family history (Fig. 2A).
41006799	fulltext	p	hgvs	c.−69dupG	The c.−69dupG variant is absent from gnomAD v4.1 and is not predicted to impact splicing (SpliceAI <0.05).
41006799	fulltext	p	hgvs	c.−69dupG	The c.−69dupG variant was confirmed by Sanger sequencing (data not shown).Fig. 3PKD1 5'UTR variants modelled.A Schematic showing the predicted impact of variants modelled in the luciferase reporter assay.
41006799	fulltext	p	hgvs	c.−69dupG	(1) RBW402 variant c.−69dupG predicted to create an overlapping open reading frame (oORF) which reads through the PKD1 main ORF.
41006799	fulltext	p	hgvs	c.−59C>A	(2) Rescue 1, c.−59C>A in phase with the c.−69dupG variant, predicted to cause an extension of uORF1, terminating 58 bp before the main ORF. 3) Rescue 2, c.−8C>A in phase with the c.−69dupG variant, predicted to cause an extension of uORF1, terminating 7 bp before the main ORF. 4) c.−52C>T (Benign) and 5) c.−209G>A (NHS1) not predicted to disrupt PKD1 uORFs. uORF upstream open reading frame; CDS Coding sequence.
41006799	fulltext	p	hgvs	c.−69dupG	(2) Rescue 1, c.−59C>A in phase with the c.−69dupG variant, predicted to cause an extension of uORF1, terminating 58 bp before the main ORF. 3) Rescue 2, c.−8C>A in phase with the c.−69dupG variant, predicted to cause an extension of uORF1, terminating 7 bp before the main ORF. 4) c.−52C>T (Benign) and 5) c.−209G>A (NHS1) not predicted to disrupt PKD1 uORFs. uORF upstream open reading frame; CDS Coding sequence.
41006799	fulltext	p	hgvs	c.−8C>A	(2) Rescue 1, c.−59C>A in phase with the c.−69dupG variant, predicted to cause an extension of uORF1, terminating 58 bp before the main ORF. 3) Rescue 2, c.−8C>A in phase with the c.−69dupG variant, predicted to cause an extension of uORF1, terminating 7 bp before the main ORF. 4) c.−52C>T (Benign) and 5) c.−209G>A (NHS1) not predicted to disrupt PKD1 uORFs. uORF upstream open reading frame; CDS Coding sequence.
41006799	fulltext	p	hgvs	c.−52C>T	(2) Rescue 1, c.−59C>A in phase with the c.−69dupG variant, predicted to cause an extension of uORF1, terminating 58 bp before the main ORF. 3) Rescue 2, c.−8C>A in phase with the c.−69dupG variant, predicted to cause an extension of uORF1, terminating 7 bp before the main ORF. 4) c.−52C>T (Benign) and 5) c.−209G>A (NHS1) not predicted to disrupt PKD1 uORFs. uORF upstream open reading frame; CDS Coding sequence.
41006799	fulltext	p	hgvs	c.−209G>A	(2) Rescue 1, c.−59C>A in phase with the c.−69dupG variant, predicted to cause an extension of uORF1, terminating 58 bp before the main ORF. 3) Rescue 2, c.−8C>A in phase with the c.−69dupG variant, predicted to cause an extension of uORF1, terminating 7 bp before the main ORF. 4) c.−52C>T (Benign) and 5) c.−209G>A (NHS1) not predicted to disrupt PKD1 uORFs. uORF upstream open reading frame; CDS Coding sequence.
41006799	fulltext	p	hgvs	c.−69dupG	RBW402 patient variant c.−69dupG was found to significantly reduce luciferase activity relative to wildtype.
41006799	fulltext	caption	hgvs	c.−69dupG	(1) RBW402 variant c.−69dupG predicted to create an overlapping open reading frame (oORF) which reads through the PKD1 main ORF.
41006799	fulltext	caption	hgvs	c.−59C>A	(2) Rescue 1, c.−59C>A in phase with the c.−69dupG variant, predicted to cause an extension of uORF1, terminating 58 bp before the main ORF. 3) Rescue 2, c.−8C>A in phase with the c.−69dupG variant, predicted to cause an extension of uORF1, terminating 7 bp before the main ORF. 4) c.−52C>T (Benign) and 5) c.−209G>A (NHS1) not predicted to disrupt PKD1 uORFs. uORF upstream open reading frame; CDS Coding sequence.
41006799	fulltext	caption	hgvs	c.−69dupG	(2) Rescue 1, c.−59C>A in phase with the c.−69dupG variant, predicted to cause an extension of uORF1, terminating 58 bp before the main ORF. 3) Rescue 2, c.−8C>A in phase with the c.−69dupG variant, predicted to cause an extension of uORF1, terminating 7 bp before the main ORF. 4) c.−52C>T (Benign) and 5) c.−209G>A (NHS1) not predicted to disrupt PKD1 uORFs. uORF upstream open reading frame; CDS Coding sequence.
41006799	fulltext	caption	hgvs	c.−8C>A	(2) Rescue 1, c.−59C>A in phase with the c.−69dupG variant, predicted to cause an extension of uORF1, terminating 58 bp before the main ORF. 3) Rescue 2, c.−8C>A in phase with the c.−69dupG variant, predicted to cause an extension of uORF1, terminating 7 bp before the main ORF. 4) c.−52C>T (Benign) and 5) c.−209G>A (NHS1) not predicted to disrupt PKD1 uORFs. uORF upstream open reading frame; CDS Coding sequence.
41006799	fulltext	caption	hgvs	c.−52C>T	(2) Rescue 1, c.−59C>A in phase with the c.−69dupG variant, predicted to cause an extension of uORF1, terminating 58 bp before the main ORF. 3) Rescue 2, c.−8C>A in phase with the c.−69dupG variant, predicted to cause an extension of uORF1, terminating 7 bp before the main ORF. 4) c.−52C>T (Benign) and 5) c.−209G>A (NHS1) not predicted to disrupt PKD1 uORFs. uORF upstream open reading frame; CDS Coding sequence.
41006799	fulltext	caption	hgvs	c.−209G>A	(2) Rescue 1, c.−59C>A in phase with the c.−69dupG variant, predicted to cause an extension of uORF1, terminating 58 bp before the main ORF. 3) Rescue 2, c.−8C>A in phase with the c.−69dupG variant, predicted to cause an extension of uORF1, terminating 7 bp before the main ORF. 4) c.−52C>T (Benign) and 5) c.−209G>A (NHS1) not predicted to disrupt PKD1 uORFs. uORF upstream open reading frame; CDS Coding sequence.
41006799	fulltext	caption	hgvs	c.−69dupG	RBW402 patient variant c.−69dupG was found to significantly reduce luciferase activity relative to wildtype.
41006799	fulltext	p	hgvs	c.−209G>A	Another rare 5′UTR variant, c.−209G>A, was identified in an individual with bilateral, multicystic, enlarged kidneys and a clinical diagnosis of ADPKD within the Genomics England rare disease cohort (NHS1).
41006799	fulltext	p	hgvs	c.−69dupG	To characterize the predicted uORF-disrupting c.−69dupG variant identified in patient RBW402, we designed a construct to mimic the patient variant, which was cloned upstream of a luciferase reporter gene (Fig. 3A).
41006799	fulltext	p	hgvs	c.−69dupG	We compared the luciferase activity of the patient variant (c.−69dupG) to wildtype and a predicted benign variant (c.−52C>T, Fig. 3A).
41006799	fulltext	p	hgvs	c.−52C>T	We compared the luciferase activity of the patient variant (c.−69dupG) to wildtype and a predicted benign variant (c.−52C>T, Fig. 3A).
41006799	fulltext	p	hgvs	c.−52C>T	The c.−52C>T variant was selected as a negative control, benign variant based on benign in silico predictions and high allele frequency in gnomAD.
41006799	fulltext	p	hgvs	c.−69dupG	We found that the patient variant (c.−69dupG) significantly reduced the translation efficiency of the main ORF by ~87% when compared to wildtype (mean difference 0.8678, p < 0.0001, by Tukey HSD test, Fig. 3B).
41006799	fulltext	p	hgvs	c.−52C>T	There was no statistically significant difference in luciferase activity between wildtype and the c.−52C>T variant selected as a negative control (mean difference 0.008, p > 0.99, by Tukey HSD test, Fig. 3B).
41006799	fulltext	p	hgvs	c.−69dupG	To further validate that the variant identified in RBW402 caused a significant reduction in polycystin-1 translation, we then assessed the c.−69dupG variant in-phase with two different variants designed to rescue the effect of the predicted pathogenic patient variant.
41006799	fulltext	p	hgvs	c.−69dupG	Rescue of the patient c.−69dupG variant through the introduction of an in-frame stop codon ending 58 nucleotides upstream of the translation start site of the main ORF, ‘Rescue 1’, recovered luciferase expression, with a minor increase in luciferase activity observed between Rescue 1 and wildtype (mean difference −0.097, p = 0.0034, by Tukey HSD test).
41006799	fulltext	p	hgvs	c.−69dupG	These data are consistent with the c.−69dupG disrupting translation of the main ORF via read-through.
41006799	fulltext	p	hgvs	c.−209G>A	We modelled the c.−209G>A variant identified in patient NHS1 in the luciferase reporter assay and did not find a significant difference between the NHS1 variant and wildtype, supporting that this variant is likely benign (mean difference 0.06369, p = 0.1315, by Tukey HSD test) (Fig. 3B).
41006799	fulltext	p	hgvs	c.−69dupG	By developing and validating a luciferase reporter gene assay to assess the PKD1 5′UTR, we found that the c.−69dupG variant, which was identified in a patient with a typical ADPKD phenotype, caused a significant reduction in the translational efficiency of the main ORF.
41006799	fulltext	p	hgvs	c.−69dupG	Rescue of the pathogenic effect of the c.−69dupG variant was demonstrated by introducing a stop codon to resume in frame translation termination at 58 (−59C>A, Rescue 1) and 7 (c.−8C>A, Rescue 2) nucleotides upstream of the mAUG.
41006799	fulltext	p	hgvs	c.−8C>A	Rescue of the pathogenic effect of the c.−69dupG variant was demonstrated by introducing a stop codon to resume in frame translation termination at 58 (−59C>A, Rescue 1) and 7 (c.−8C>A, Rescue 2) nucleotides upstream of the mAUG.
41006799	fulltext	p	hgvs	c.−59C>A	Whilst c.−59C>A rescued translation completely, c.−8C>A only partially rescued translation.
41006799	fulltext	p	hgvs	c.−8C>A	Whilst c.−59C>A rescued translation completely, c.−8C>A only partially rescued translation.
41006799	fulltext	p	hgvs	c.−69dupG	Although our data demonstrates that the main pathogenic impact of the c.−69dupG 5′UTR variant is elongation of the uORF leading to decreased translation efficiency, without performing RNA studies, we cannot rule out additional effects the variant may have on pre-mRNA splicing and transcript stability.
41006799	fulltext	p	hgvs	c.−69dupG	There is, however, no indication on in silico analysis that the c.−69dupG variant impacts splicing.
41083429	abstract	abstract	hgvs	c.11538-2A>G	"RESULTS: A heterozygous splice variant, c.11538-2A>G, in the polycystin 1, 
transient receptor potential channel interacting gene (PKD1), and a novel 
heterozygous nonsense variant, c.2387T>G [p.(Leu796*)], in the polycystin 2, 
transient receptor potential cation channel gene (PKD2), were identified in 
probands of the two ADPKD families, respectively, as well as the affected 
individuals, confirmed by Sanger sequencing."
41083429	abstract	abstract	hgvs	c.2387T>G	"RESULTS: A heterozygous splice variant, c.11538-2A>G, in the polycystin 1, 
transient receptor potential channel interacting gene (PKD1), and a novel 
heterozygous nonsense variant, c.2387T>G [p.(Leu796*)], in the polycystin 2, 
transient receptor potential cation channel gene (PKD2), were identified in 
probands of the two ADPKD families, respectively, as well as the affected 
individuals, confirmed by Sanger sequencing."
41083429	abstract	abstract	hgvs	c.11538-2A>G	"In vitro minigene splicing assay established that 
the c.11538-2A>G variant could cause complete exon 42 skipping, which was 
predicted to lead to a truncated protein."
41083429	abstract	abstract	hgvs	c.11538-2A>G	"CONCLUSION: A splice variant, c.11538-2A>G, in the PKD1 gene and a novel 
nonsense variant, c.2387T>G [p.(Leu796*)], in the PKD2 gene were identified as 
the genetic drivers of ADPKD in two Han-Chinese families, respectively."
41083429	abstract	abstract	hgvs	c.2387T>G	"CONCLUSION: A splice variant, c.11538-2A>G, in the PKD1 gene and a novel 
nonsense variant, c.2387T>G [p.(Leu796*)], in the PKD2 gene were identified as 
the genetic drivers of ADPKD in two Han-Chinese families, respectively."
41141524	fulltext	RESULTS	hgvs	c.288-12C>A	Of the 5 intronic PKD1 variants analyzed, 4 disrupted normal splicing, whereas the splicing outcome of the remaining variant (c.288-12C>A) could not be clearly interpreted using the minigene assay (Supplementary Tables S1 and S2).
41141524	fulltext	FIG	hgvs	c.2097+5G>A	Minigene assay results of NM_001009944.3(PKD1):c.2097+5G>A.
41141524	fulltext	FIG	hgvs	c.2097+5G>A	(a) Schematic illustration of pSPL3-PKD1 c.2097+5G>A and c.2853+5G>C minigenes.
41141524	fulltext	FIG	hgvs	c.2853+5G>C	(a) Schematic illustration of pSPL3-PKD1 c.2097+5G>A and c.2853+5G>C minigenes.
41141524	fulltext	FIG	hgvs	c.2097+5G>A	Exons 10 and 11 of PKD1 and flanking introns were cloned into the pSPL3 vector with a wild-type or mutant c.2097+5G>A and c.2853+5G>C between 2 pSPL3 vectors.
41141524	fulltext	FIG	hgvs	c.2853+5G>C	Exons 10 and 11 of PKD1 and flanking introns were cloned into the pSPL3 vector with a wild-type or mutant c.2097+5G>A and c.2853+5G>C between 2 pSPL3 vectors.
41141524	fulltext	FIG	hgvs	c.2097+5G>A	After reverse transcription, the splicing products were amplified by polymerase chain reaction using vector exon–specific primers, and (b) the c.2097+5G>A variant was visualized by agarose gel electrophoresis.
41141524	fulltext	RESULTS	hgvs	c.2097+5G>A	The variant (c.2097+5G>A) showed an electrophoretic banding pattern similar to that of the control.
41141524	fulltext	RESULTS	hgvs	c.2097+3	Splicing at c.2097+3G is facilitated by a novel splice donor site and splice acceptor site in intron 10.
41141524	fulltext	FIG	hgvs	c.2853+5G>C	Minigene assay results of NM_001009944.3(PKD1):c.2853+5G>C.
41141524	fulltext	RESULTS	hgvs	c.2853+5G>A	Another variant (c.2853+5G>A) showed 2 amplicons with longer and shorter DNA fragments than those of the normal control (1019 bp).
41141524	fulltext	RESULTS	hgvs	c.2707_2852	Sequencing revealed a longer amplicon of 1474 bp, with retention of intron 11 (192 bp) of the insert DNA and vector intron (263 bp), and a shorter amplicon of 873 bp, with deletion of c.2707_2852 (192 bp) in exon 11 of the insert DNA (Figure 2).
41141524	fulltext	RESULTS	hgvs	c.7490-3C>G	Both variants (c.7490-3C>G and c.7490-11C>G) were 850 bp longer than the normal control (757 bp) because of intron 18 retention (93 bp).
41141524	fulltext	RESULTS	hgvs	c.7490-11C>G	Both variants (c.7490-3C>G and c.7490-11C>G) were 850 bp longer than the normal control (757 bp) because of intron 18 retention (93 bp).
41141524	fulltext	RESULTS	hgvs	c.7490-3C>G	The c.7490-3C>G variant was generated by site-directed mutagenesis, as no patient-derived sample was available (Supplementary Figure S2).
41141524	fulltext	RESULTS	hgvs	c.288-12C>A	However, for c.288-12C>A, with the exception of the results obtained using NNSPLICE, all in silico prediction tools predicted aberrant splicing, whereas the minigene assay predicted a normal splicing pattern.
41141524	fulltext	DISCUSS	hgvs	c.7490-3C>G	Specifically, intron retention (c.7490-3C>G and c.7490-11C>G) and cryptic splice site activation (c.2097+5G>A and c.2853+5G>C) were observed.
41141524	fulltext	DISCUSS	hgvs	c.7490-11C>G	Specifically, intron retention (c.7490-3C>G and c.7490-11C>G) and cryptic splice site activation (c.2097+5G>A and c.2853+5G>C) were observed.
41141524	fulltext	DISCUSS	hgvs	c.2097+5G>A	Specifically, intron retention (c.7490-3C>G and c.7490-11C>G) and cryptic splice site activation (c.2097+5G>A and c.2853+5G>C) were observed.
41141524	fulltext	DISCUSS	hgvs	c.2853+5G>C	Specifically, intron retention (c.7490-3C>G and c.7490-11C>G) and cryptic splice site activation (c.2097+5G>A and c.2853+5G>C) were observed.
41141524	fulltext	SUPPL	hgvs	c.7490-3C>G	PKD1 c.7490-3C>G by site-directed mutagenesis.
41141524	fulltext	SUPPL	hgvs	c.7490-3C>G	Minigene assay results of NM_001009944.3(PKD1):c.7490-3C>G.
41141524	fulltext	SUPPL	hgvs	c.7490-11C>G	Minigene assay results of NM_001009944.3(PKD1):c.7490-11C>G.
41242437	abstract	abstract	hgvs	c.9202-16G > A	"Proband A carried a 
heterozygous splicing variant (c.9202-16G > A), presenting with bilateral renal 
cysts."
41242437	abstract	abstract	hgvs	c.2180 T > C	"Proband B carried a missense variant (c.2180 T > C; p.Leu727Pro), presenting 
with polycystic kidney and liver disease."
41659037	fulltext	ABSTRACT	hgvs	c.12445-34_12445-10del	In this study, we report a case of a boy presenting with microscopic hematuria with multiple renal cysts and carrying an unreported intronic variant, c.12445-34_12445-10del, in the PKD1 gene inherited from his father who also presented PKD.
41659037	fulltext	ABSTRACT	hgvs	c.12445-34_12445-10del	Sanger sequencing and reverse transcription polymerase chain reaction (RT-PCR) for minigene splicing assays showed two abnormal splicing alterations with the c.12445-34_12445-10del variant at the mRNA level: one causes a 16-bp deletion in exon 46, resulting in premature protein termination (p.Phe4149GlyfsTer45), and the other results in a 205-bp deletion, leading to delayed termination (p.Phe4149ProfsTer139).
41659037	fulltext	INTRO	hgvs	c.12445-34_12445-10del	In this study, we report a family in which both the father and son presented with PKD and carried an unreported intronic variant, c.12445-34_12445-10del, in the PKD1 gene.
41659037	fulltext	RESULTS	hgvs	c.12445-34_12445-10del	Clinical exome sequencing prioritized an intronic variant (c.12445-34_12445-10del) in the PKD1 gene (NM_000215) as a candidate pathogenic variant in the proband presenting with ADPKD (OMIM 173900).
41659037	fulltext	FIG	hgvs	c.12445-34_12445-10del	Pedigree chart of the family and the IGV (Integrative Genomics Viewer) screenshot containing the variant c.12445-34_12445-10del.
41659037	fulltext	RESULTS	hgvs	c.12445-34_12445-10del	We conducted the minigene analysis of the wild and mutant types carrying the PKD1 intronic variant c.12445-34_12445-10del to characterize whether the abnormal splicing occurred.
41659037	fulltext	FIG	hgvs	c.12445-34_12445-10del	Splicing study of PKD1 c.12445-34_12445-10del variant by minigene assay.
41659037	fulltext	FIG	hgvs	c.12445-34_12445-10del	(A) Electrophoresis on agarose gels and Sanger sequencing of RT-PCR products based on the expression of the c.12445-34_12445-10del variant in wild-type and mutant-type plasmids.
41659037	fulltext	FIG	hgvs	c.12445-34_12445-10del	(C) Schematic of splicing for the PKD1 c.12445-34_12445-10del variant.
41659037	fulltext	FIG	hgvs	c.12445-34_12445-10del	(D) Schematic of splicing for the PKD1 c.12445-34_12445-10del variant from which the truncated protein p.Phe4149GlyfsTer45 (MT-B) arises.
41659037	fulltext	FIG	hgvs	c.12445-34_12445-10del	(E) Schematic of splicing for the PKD1 c.12445-34_12445-10del variant from which the truncated protein p.Phe4149ProfsTer139 (MT-A) arises.
41659037	fulltext	RESULTS	hgvs	c.12445-34_12445-10del	In our study, we show that the variant c.12445-34_12445-10del could result in two types of abnormal truncated proteins (p.Phe4149GlyfsTer45 or p.Phe4149ProfsTer139) (PVS1) (Figure 2D–E).
41659037	fulltext	RESULTS	hgvs	c.12445-34_12445-10del	According to the ACMG guidelines, the c.12445-34_12445-10del (p.Phe4149GlyfsTer45 or p.Phe4149ProfsTer139) variant (PVS1+PM2+PP4) was also classified as a pathogenic variant.
42502691	fulltext	p	hgvs	c.7066-131_7066-130delinsAG	The pathogenic variant identified through GS was a de novo deep intronic substitution in PKD1 located immediately adjacent to an inherited sequence variant that is common in the general population, forming a NM_001009944.3:c.7066-131_7066-130delinsAG variant.
42502691	fulltext	p	hgvs	c.7066-131G>A	Genome sequencing identified a de novo NM_001009944.3:c.7066-131G>A substitution adjacent to the common NM_001009944.3:c.7066-130A>G (rs3874658) sequence variant, confirmed by Sanger sequencing.
42502691	fulltext	p	hgvs	c.7066-130A>G	Genome sequencing identified a de novo NM_001009944.3:c.7066-131G>A substitution adjacent to the common NM_001009944.3:c.7066-130A>G (rs3874658) sequence variant, confirmed by Sanger sequencing.
42502691	fulltext	p	rsid	rs3874658	Genome sequencing identified a de novo NM_001009944.3:c.7066-131G>A substitution adjacent to the common NM_001009944.3:c.7066-130A>G (rs3874658) sequence variant, confirmed by Sanger sequencing.
42502691	fulltext	p	hgvs	c.7066-131_7066-130delinsAG	The PKD1 gene is expressed from the negative strand, and the NM_001009944.3:c.7066-131_7066-130delinsAG dinucleotide variant creates a GA dinucleotide (green) adjacent to an already present GT dinucleotide (black), completing a splice donor site.
42502691	fulltext	caption	hgvs	c.7066-131G>A	Genome sequencing identified a de novo NM_001009944.3:c.7066-131G>A substitution adjacent to the common NM_001009944.3:c.7066-130A>G (rs3874658) sequence variant, confirmed by Sanger sequencing.
42502691	fulltext	caption	hgvs	c.7066-130A>G	Genome sequencing identified a de novo NM_001009944.3:c.7066-131G>A substitution adjacent to the common NM_001009944.3:c.7066-130A>G (rs3874658) sequence variant, confirmed by Sanger sequencing.
42502691	fulltext	caption	rsid	rs3874658	Genome sequencing identified a de novo NM_001009944.3:c.7066-131G>A substitution adjacent to the common NM_001009944.3:c.7066-130A>G (rs3874658) sequence variant, confirmed by Sanger sequencing.
42502691	fulltext	caption	hgvs	c.7066-131_7066-130delinsAG	The PKD1 gene is expressed from the negative strand, and the NM_001009944.3:c.7066-131_7066-130delinsAG dinucleotide variant creates a GA dinucleotide (green) adjacent to an already present GT dinucleotide (black), completing a splice donor site.
42502691	fulltext	p	hgvs	c.7066-131G>A	Ultimately, trio GS identified a de novo deep intronic C>T substitution, NM_001009944.3:c.7066-131G>A, within intron 16 of PKD1 (Figure 1C).
42502691	fulltext	p	hgvs	c.845G>A	The patient was homozygous for the common NM_000410.3:c.845G>A p.(Cys282Tyr) pathogenic variant in HFE (HGNC:4886), consistent with his known diagnosis of HFE-related hereditary hemochromatosis, and this was reported as an American College of Medical Genetics and Genomics (ACMG) secondary finding.
42502691	fulltext	p	hgvs	c.305C>A	In addition, an secondary finding of a heterozygous pathogenic variant NM_152594.3:c.305C>A p.(Thr102Lys) was also identified in SPRED1 (HGNC:20249).
42502691	fulltext	p	hgvs	c.7066-131G>A	The de novo NM_001009944.3:c.7066-131G>A variant in PKD1 is absent from the gnomAD v4.1.0 (https://gnomad.broadinstitute.org/) and All of Us (https://databrowser.researchallofus.org/) population databases, as well as Human Gene Mutation Database (https://hgmd.cf.ac.uk) and the ADPKD Variant Database (https://pkdb.mayo.edu/).
42502691	fulltext	p	hgvs	g.2107078T>C	This variant has weak in silico scores by spliceAI (https://spliceailookup.broadinstitute.org/), with a 0.12 acceptor gain score and a 0.06 donor gain score, and is classified as a VUS following the ACMG/Association for Molecular Pathology variant interpretation guidelines7 in combination with recommendations from the ClinGen Sequence Variant Interpretation Splicing Subgroup.8 This variant is immediately adjacent to a paternally inherited T>C sequence variant (rs3874658; NC_000016.10:g.2107078T>C) and forms the NM_001009944.3:c.7066-131_7066-130delinsAG dinucleotide variant.
42502691	fulltext	p	hgvs	c.7066-131_7066-130delinsAG	This variant has weak in silico scores by spliceAI (https://spliceailookup.broadinstitute.org/), with a 0.12 acceptor gain score and a 0.06 donor gain score, and is classified as a VUS following the ACMG/Association for Molecular Pathology variant interpretation guidelines7 in combination with recommendations from the ClinGen Sequence Variant Interpretation Splicing Subgroup.8 This variant is immediately adjacent to a paternally inherited T>C sequence variant (rs3874658; NC_000016.10:g.2107078T>C) and forms the NM_001009944.3:c.7066-131_7066-130delinsAG dinucleotide variant.
42502691	fulltext	p	rsid	rs3874658	This variant has weak in silico scores by spliceAI (https://spliceailookup.broadinstitute.org/), with a 0.12 acceptor gain score and a 0.06 donor gain score, and is classified as a VUS following the ACMG/Association for Molecular Pathology variant interpretation guidelines7 in combination with recommendations from the ClinGen Sequence Variant Interpretation Splicing Subgroup.8 This variant is immediately adjacent to a paternally inherited T>C sequence variant (rs3874658; NC_000016.10:g.2107078T>C) and forms the NM_001009944.3:c.7066-131_7066-130delinsAG dinucleotide variant.
42502691	fulltext	p	hgvs	c.7066-131G>A	SpliceAI predictions for NM_001009944.3:c.7066-131G>A and NM_001009944.3:c.7066-130A>G individually and as the NM_001009944.3:c.7066-131_7066-130delinsAG dinucleotide variant predict that although the individual single-nucleotide variant have no impact on RNA splicing, the resultant dinucleotide variant is predicted to result in aberrant splicing.
42502691	fulltext	p	hgvs	c.7066-130A>G	SpliceAI predictions for NM_001009944.3:c.7066-131G>A and NM_001009944.3:c.7066-130A>G individually and as the NM_001009944.3:c.7066-131_7066-130delinsAG dinucleotide variant predict that although the individual single-nucleotide variant have no impact on RNA splicing, the resultant dinucleotide variant is predicted to result in aberrant splicing.
42502691	fulltext	p	hgvs	c.7066-131_7066-130delinsAG	SpliceAI predictions for NM_001009944.3:c.7066-131G>A and NM_001009944.3:c.7066-130A>G individually and as the NM_001009944.3:c.7066-131_7066-130delinsAG dinucleotide variant predict that although the individual single-nucleotide variant have no impact on RNA splicing, the resultant dinucleotide variant is predicted to result in aberrant splicing.
42502691	fulltext	caption	hgvs	c.7066-131G>A	SpliceAI predictions for NM_001009944.3:c.7066-131G>A and NM_001009944.3:c.7066-130A>G individually and as the NM_001009944.3:c.7066-131_7066-130delinsAG dinucleotide variant predict that although the individual single-nucleotide variant have no impact on RNA splicing, the resultant dinucleotide variant is predicted to result in aberrant splicing.
42502691	fulltext	caption	hgvs	c.7066-130A>G	SpliceAI predictions for NM_001009944.3:c.7066-131G>A and NM_001009944.3:c.7066-130A>G individually and as the NM_001009944.3:c.7066-131_7066-130delinsAG dinucleotide variant predict that although the individual single-nucleotide variant have no impact on RNA splicing, the resultant dinucleotide variant is predicted to result in aberrant splicing.
42502691	fulltext	caption	hgvs	c.7066-131_7066-130delinsAG	SpliceAI predictions for NM_001009944.3:c.7066-131G>A and NM_001009944.3:c.7066-130A>G individually and as the NM_001009944.3:c.7066-131_7066-130delinsAG dinucleotide variant predict that although the individual single-nucleotide variant have no impact on RNA splicing, the resultant dinucleotide variant is predicted to result in aberrant splicing.
42502691	fulltext	p	rsid	rs3874658	This scenario is diagnostically challenging because the rs3874658 SNV would be filtered out by most clinical pipelines as benign, thus leaving the de novo variant as an SNV instead of a dinucleotide variant.
42502691	fulltext	p	hgvs	c.7066-131_7066-130delinsAG	Human Genome Variation Society recommends classification of this variant as a deletion-insertion (NM_001009944.3:c.7066-131_7066-130delinsAG), because of the higher likelihood of a dinucleotide variant arising from a single substitution event rather than 2 separate events.
42518289	fulltext	p	hgvs	c.–87	The human PKD1 5’ UTR is 209 nucleotides in length and contains two occurrences of the ATG (AUG in mRNA) canonical start codon sequence 87 and 20 nucleotides before the start codon (c.–87 and c.–20, respectively) relative to the CDS start (Figure 1A).
42518289	fulltext	p	hgvs	c.–20	The human PKD1 5’ UTR is 209 nucleotides in length and contains two occurrences of the ATG (AUG in mRNA) canonical start codon sequence 87 and 20 nucleotides before the start codon (c.–87 and c.–20, respectively) relative to the CDS start (Figure 1A).
42518289	fulltext	caption	hgvs	c.–87	Potential start codons are underlined, including the only 2 ATG sequences at the c.–87 and c.–20 position.
42518289	fulltext	caption	hgvs	c.–20	Potential start codons are underlined, including the only 2 ATG sequences at the c.–87 and c.–20 position.
42518289	fulltext	caption	hgvs	c.–161	(G) Comparison of Renilla/Firefly expression from WT luciferase construct versus ΔuORF3, which only differs by c.A>T at c.–161.
42518289	fulltext	p	hgvs	c.–87	Potential start codons are underlined, including the only 2 ATG sequences at the c.–87 and c.–20 position.
42518289	fulltext	p	hgvs	c.–20	Potential start codons are underlined, including the only 2 ATG sequences at the c.–87 and c.–20 position.
42518289	fulltext	p	hgvs	c.–161	(G) Comparison of Renilla/Firefly expression from WT luciferase construct versus ΔuORF3, which only differs by c.A>T at c.–161.
42518289	fulltext	p	hgvs	c.–161	Six out of the 8 datasets support only uORF1 translation initiation, while the 2 others also suggest an upstream CTG-initiated uORF at the c.–161 position or c.–206 position.
42518289	fulltext	p	hgvs	c.–206	Six out of the 8 datasets support only uORF1 translation initiation, while the 2 others also suggest an upstream CTG-initiated uORF at the c.–161 position or c.–206 position.
42518289	fulltext	p	hgvs	c.–161	As uORF3 at c.–161 has the strongest Kozak sequence among the potential uORFs (56) we hypothesized it may also affect CDS translation.
42518289	fulltext	p	hgvs	c.–161	We focused on the potential uORFs that would start with CTG (CUG) codon at c.–161 and c.–206 that we define as uORF3 and uORF4, respectively.
42518289	fulltext	p	hgvs	c.–206	We focused on the potential uORFs that would start with CTG (CUG) codon at c.–161 and c.–206 that we define as uORF3 and uORF4, respectively.
42518289	fulltext	p	hgvs	c.–87	The translation of “uORF1” (PKD1 c.–87 through –64) and “uORF2” (PKD1 c.–20 through –3) negatively impacts Polycystin-1 protein translation from available PKD1 mRNA thereby contributing to the low basal levels of PC1 expression.
42518289	fulltext	p	hgvs	c.–20	The translation of “uORF1” (PKD1 c.–87 through –64) and “uORF2” (PKD1 c.–20 through –3) negatively impacts Polycystin-1 protein translation from available PKD1 mRNA thereby contributing to the low basal levels of PC1 expression.
42518289	fulltext	p	hgvs	c.–87	Our investigation of alternative PKD1 5’ UTR sequences affecting uORFs was not aimed at particular human PKD1 variants but supports that the termination of uORF1 — initiating at c.–87 and terminating with the stop codon at c.–64 through–66 in WT sequence — prior to CDS start is important to allow sufficient translation at the PKD1/Polycystin-1 coding sequence ATG start codon at c.1 (Figure 1H, right-most 2 lanes).
42518289	fulltext	p	hgvs	c.–64	Our investigation of alternative PKD1 5’ UTR sequences affecting uORFs was not aimed at particular human PKD1 variants but supports that the termination of uORF1 — initiating at c.–87 and terminating with the stop codon at c.–64 through–66 in WT sequence — prior to CDS start is important to allow sufficient translation at the PKD1/Polycystin-1 coding sequence ATG start codon at c.1 (Figure 1H, right-most 2 lanes).
42518289	fulltext	p	hgvs	c.1	Our investigation of alternative PKD1 5’ UTR sequences affecting uORFs was not aimed at particular human PKD1 variants but supports that the termination of uORF1 — initiating at c.–87 and terminating with the stop codon at c.–64 through–66 in WT sequence — prior to CDS start is important to allow sufficient translation at the PKD1/Polycystin-1 coding sequence ATG start codon at c.1 (Figure 1H, right-most 2 lanes).
42518289	fulltext	p	hgvs	c.4013insC	The selected clone was confirmed by western blot and Sanger sequencing to have truncating mutation in exon 15 (PKD1:c.4013insC:p.1338fs).
42518289	fulltext	p	hgvs	c.-20	The repair template consisted of either the wild-type 209-nucleotide human PKD1 5’UTR sequence “H” or the that with two A>T edits at the c.-20 and c.-87 position to edit uORF1 and uORF2 start codons “ΔH” flanked by 100 nucleotides of the mouse sequence that precedes and follows the removed mouse 5’UTR.
42518289	fulltext	p	hgvs	c.-87	The repair template consisted of either the wild-type 209-nucleotide human PKD1 5’UTR sequence “H” or the that with two A>T edits at the c.-20 and c.-87 position to edit uORF1 and uORF2 start codons “ΔH” flanked by 100 nucleotides of the mouse sequence that precedes and follows the removed mouse 5’UTR.
42621998	fulltext	article-title	hgvs	c.7489 + 5G>A	Case Report: Functional validation of a PKD1 c.7489 + 5G>A variant in an ADPKD family
42621998	fulltext	p	hgvs	c.7489 + 5G>A	Whole-exome sequencing revealed a heterozygous PKD1 c.7489 + 5G>A variant, which co-segregated with the disease and was initially classified as a variant of uncertain significance.
42621998	fulltext	p	hgvs	c.7489 + 5G>A	In this report, we first identified the PKD1 c.7489 + 5G>A variant in intron 18 as the underlying genetic cause of ADPKD in this family.
42621998	fulltext	p	hgvs	c.7489 + 5G>A	To cover the c.7489 + 5G>A variant in intron 18, the LR-PCR products of PKD1 were then purified and sequenced with specific forward primer located at 98 bp downstream of exon 17 and reverse primer located at 55 bp upstream of intron 18.
42621998	fulltext	p	hgvs	c.7489 + 5G>A	Subsequently, Sanger sequencing validation of biopsied cells for PKD1 c.7489 + 5G>A variant was conducted by the method “long range-polymerase chain reaction and Sanger validation”.
42621998	fulltext	p	hgvs	c.7489 + 5G>A	To further verify the absence of PKD1 c.7489 + 5G>A variant and chromosomal normality, the prenatal diagnosis was conducted at the 18th week of gestation by amniocentesis.
42621998	fulltext	p	hgvs	c.7489 + 5G>A	Sanger sequencing validation of fetal DNA for PKD1 c.7489 + 5G>A variant was conducted as method “long range-polymerase chain reaction and Sanger validation”.
42621998	fulltext	p	hgvs	c.7489 + 5G>A	Based on the patient’s characteristic clinical phenotype, we prioritized the PKD1 and PKD2 genes, which led to the retention of only five variants in PKD1 (NM_001009944.2): c.7489 + 5G>A, c.1849 + 10T>G, c.1849 + 14T>G, c.1849 + 17T>G, and c.1849 + 21T>G.
42621998	fulltext	p	hgvs	c.1849 + 10T>G	Based on the patient’s characteristic clinical phenotype, we prioritized the PKD1 and PKD2 genes, which led to the retention of only five variants in PKD1 (NM_001009944.2): c.7489 + 5G>A, c.1849 + 10T>G, c.1849 + 14T>G, c.1849 + 17T>G, and c.1849 + 21T>G.
42621998	fulltext	p	hgvs	c.1849 + 14T>G	Based on the patient’s characteristic clinical phenotype, we prioritized the PKD1 and PKD2 genes, which led to the retention of only five variants in PKD1 (NM_001009944.2): c.7489 + 5G>A, c.1849 + 10T>G, c.1849 + 14T>G, c.1849 + 17T>G, and c.1849 + 21T>G.
42621998	fulltext	p	hgvs	c.1849 + 17T>G	Based on the patient’s characteristic clinical phenotype, we prioritized the PKD1 and PKD2 genes, which led to the retention of only five variants in PKD1 (NM_001009944.2): c.7489 + 5G>A, c.1849 + 10T>G, c.1849 + 14T>G, c.1849 + 17T>G, and c.1849 + 21T>G.
42621998	fulltext	p	hgvs	c.1849 + 21T>G	Based on the patient’s characteristic clinical phenotype, we prioritized the PKD1 and PKD2 genes, which led to the retention of only five variants in PKD1 (NM_001009944.2): c.7489 + 5G>A, c.1849 + 10T>G, c.1849 + 14T>G, c.1849 + 17T>G, and c.1849 + 21T>G.
42621998	fulltext	p	hgvs	c.7489 + 5G>A	Among these, c.7489 + 5G>A was predicted by in silico tools to be the variant most likely to affect splicing.
42621998	fulltext	caption	hgvs	c.7489 + 5G>A	Family segregation analysis of PKD1 c.7489 + 5G>A variant.
42621998	fulltext	caption	hgvs	c.7489 + 5G>A	PKD1 c.7489 + 5G>A variant was detected in proband (III-1), the proband’s father (II-2) and the proband’s younger brother (III-3) but not detected in mother (II-3), grandmother (I-2), uncle (II-4), elder uncle (II-1), and aunt (II-5) by Sanger sequencing.
42621998	fulltext	p	hgvs	c.7489 + 5G>A	Family segregation analysis of PKD1 c.7489 + 5G>A variant.
42621998	fulltext	p	hgvs	c.7489 + 5G>A	PKD1 c.7489 + 5G>A variant was detected in proband (III-1), the proband’s father (II-2) and the proband’s younger brother (III-3) but not detected in mother (II-3), grandmother (I-2), uncle (II-4), elder uncle (II-1), and aunt (II-5) by Sanger sequencing.
42621998	fulltext	title	hgvs	c.7489 + 5G>A	The c.7489 + 5G>A variant in PKD1 induced skipping of exon 18
42621998	fulltext	p	hgvs	c.7489 + 5G>A	The variant c.7489 + 5G>A of PKD1 is located at the +5 position of the donor splice site of intron 18.
42621998	fulltext	p	hgvs	c.7489 + 5G>A	(Hort et al., 2023) demonstrated that PKD1 c.7489 + 5G>A caused partial retention of intron 18.
42621998	fulltext	p	hgvs	c.7489 + 5G>A	Wild-type (wt) and mutant (mut, PKD1 c.7489 + 5G>A) minigene constructs were generated as described in method “Minigene splicing assay”.
42621998	fulltext	p	hgvs	c.7489 + 5G>A	Subsequent Sanger sequencing confirmed that the c.7489 + 5G>A variant induced exon 18 skipping (Figure 3B), which corresponded to the cDNA alteration c.7210_7489del and the predicted protein variant p.
42621998	fulltext	p	hgvs	c.7210_7489del	Subsequent Sanger sequencing confirmed that the c.7489 + 5G>A variant induced exon 18 skipping (Figure 3B), which corresponded to the cDNA alteration c.7210_7489del and the predicted protein variant p.
42621998	fulltext	p	hgvs	c.7489 + 5G>A	The PKD1 c.7489 + 5G>A variant was reclassified as pathogenic according to the ACMG guidelines (PM2_Supporting + PP1+ PP4 + PS4-Moderate + PS3).
42621998	fulltext	caption	hgvs	c.7489 + 5G>A	The in vitro minigene assay of wild type (wt) and PKD1 c.7489 + 5G>A (mut) variant.
42621998	fulltext	caption	hgvs	c.7489 + 5G>A	However, the c.7489 + 5G>A variant led to exon 18 skipping.
42621998	fulltext	p	hgvs	c.7489 + 5G>A	The in vitro minigene assay of wild type (wt) and PKD1 c.7489 + 5G>A (mut) variant.
42621998	fulltext	p	hgvs	c.7489 + 5G>A	However, the c.7489 + 5G>A variant led to exon 18 skipping.
42621998	fulltext	p	hgvs	c.7489 + 5G>A	This result was further validated by Sanger sequencing, which demonstrated the absence of the pathogenic PKD1 variant (c.7489 + 5G>A) in both embryos (Supplementary Figure S2).
42621998	fulltext	th	hgvs	c.7489 + 5)	Sequencing (c.7489 + 5)
42621998	fulltext	p	hgvs	c.2097 + 5G>A	In PKD1 gene, some variants affecting the +5 position at the 5′ends of PKD1 introns such as c.2097 + 5G>A in intron five and c.2853 + 5G>A in intron 11 have been reported to disrupt normal splicing (Youn et al., 2025).
42621998	fulltext	p	hgvs	c.2853 + 5G>A	In PKD1 gene, some variants affecting the +5 position at the 5′ends of PKD1 introns such as c.2097 + 5G>A in intron five and c.2853 + 5G>A in intron 11 have been reported to disrupt normal splicing (Youn et al., 2025).
42621998	fulltext	p	hgvs	c.7489 + 5G>A	The PKD1 c.7489 + 5G>A variant was previously shown by peripheral blood cDNA sequencing to cause partial retention of intron 18 in a 2023 study (Hort et al., 2023).
42621998	fulltext	p	hgvs	c.7489 + 5G>A	Our minigene assay confirmed that the PKD1 c.7489 + 5G>A splice-altering variant induced exon 18 skipping, generating an out-of-frame transcript c.7210_7489del predicted to yield p.
42621998	fulltext	p	hgvs	c.7210_7489del	Our minigene assay confirmed that the PKD1 c.7489 + 5G>A splice-altering variant induced exon 18 skipping, generating an out-of-frame transcript c.7210_7489del predicted to yield p.
42621998	fulltext	p	hgvs	c.7489 + 5G>A	In this report, we described the successful application of PGT-M in an ADPKD family carrying a novel PKD1 splicing variant (c.7489 + 5G>A).
42621998	fulltext	p	hgvs	c.7489 + 5G>A	By functionally validating the pathogenic PKD1 splicing variant c.7489 + 5G>A and seamlessly integrating this molecular evidence into a successful PGT-M cycle that yielded a healthy live birth, our work underscores the critical importance of combining precise variant functional testing with advanced reproductive technology to elevate the accuracy and clinical utility of precision genetic prevention strategies for inherited renal ciliopathies.
